{
  "minicraft.achievement.woodcutter": "Woodcutter",
  "minicraft.achievement.woodcutter.desc": "Get wood.",
  "minicraft.achievement.benchmarking": "Benchmarking",
  "minicraft.achievement.benchmarking.desc": "Make a workbench.",
  "minicraft.achievement.upgrade": "Upgrade!",
  "minicraft.achievement.upgrade.desc": "Craft any Stone tool.",
  "minicraft.achievement.bow": "Bow down to me!",
  "minicraft.achievement.bow.desc": "Fire an arrow with a bow.",
  "minicraft.achievement.fish": "Go Fish!",
  "minicraft.achievement.fish.desc": "Fish up a Fish!",
  "minicraft.achievement.doors": "Adooring Protection",
  "minicraft.achievement.doors.desc": "Craft a wood door.",
  "minicraft.achievement.planks": "Walk the Planks!",
  "minicraft.achievement.planks.desc": "Craft wood planks.",
  "minicraft.achievement.clothes": "Have a colourful day!",
  "minicraft.achievement.clothes.desc": "Craft any color of clothes",
  "minicraft.achievement.demolition": "Demolition Demo",
  "minicraft.achievement.demolition.desc": "Use TNT.",
  "minicraft.achievement.survive_darkness": "Afraid of the Dark?",
  "minicraft.achievement.survive_darkness.desc": "Survive 5 minutes in total darkness.",
  "minicraft.achievement.lava": "Hot Affairs",
  "minicraft.achievement.lava.desc": "Use a lava potion to swim in lava.",
  "minicraft.achievement.find_gem": "Oooh Shiny!",
  "minicraft.achievement.find_gem.desc": "Find Gem Ore and mine it.",
  "minicraft.achievement.lowest_caves": "Darkness behind light",
  "minicraft.achievement.lowest_caves.desc": "Reach the lowest caves.",
  "minicraft.achievement.obsidian_dungeon": "Of Knights and Men",
  "minicraft.achievement.obsidian_dungeon.desc": "Reach the obsidian dungeon.",
  "minicraft.achievement.airwizard": "Defeat... the air?",
  "minicraft.achievement.airwizard.desc": "Defeat the first Air Wizard!",
  "minicraft.achievement.skin": "Fashion Show",
  "minicraft.achievement.skin.desc": "Change your skin.",
  "minicraft.display.entries.boolean.false": "Off",
  "minicraft.display.entries.boolean.true": "On",
  "minicraft.display.gui.link_opening": "Opening with browser...",
  "minicraft.display.gui.perm_status.saving": "Saving... %s%%",
  "minicraft.display.gui.perm_status.sleep_cancel": "Press %s to cancel",
  "minicraft.display.gui.perm_status.sleeping": "Sleeping...",
  "minicraft.display.gui.potion_effects.hide_hint": "(%s to hide!)",
  "minicraft.display.gui.potion_effects.potion_dur": "%s (%d:%02d)",
  "minicraft.display.gui.score.current_score": "Current score: %s",
  "minicraft.display.gui.score.time_left": "Time left %s%sm %ss",
  "minicraft.display.menus.inventory": "Inventory",
  "minicraft.display.options_display": "Options",
  "minicraft.display.options_display.change_key_bindings": "Change Key Bindings",
  "minicraft.display.popup.enter_confirm": "enter to confirm",
  "minicraft.display.popup.escape_cancel": "escape to cancel",
  "minicraft.display.popup.title_confirm": "Confirm Action",
  "minicraft.displays.achievements": "Achievements",
  "minicraft.displays.achievements.display.achieved": "Achieved!",
  "minicraft.displays.achievements.display.help": "Use %s and %s to move.",
  "minicraft.displays.achievements.display.not_achieved": "Not Achieved",
  "minicraft.displays.achievements.display.score": "Achievement Score: %s",
  "minicraft.displays.book.default_book": "This book has no text.",
  "minicraft.displays.crafting": "Crafting",
  "minicraft.displays.crafting.container_title.cost": "Cost:",
  "minicraft.displays.crafting.container_title.have": "Have:",
  "minicraft.displays.end_game.display.bonuses": "<Bonuses>",
  "minicraft.displays.end_game.display.final_score": "Final Score: %s",
  "minicraft.displays.end_game.display.player_score": "Player Score: %s",
  "minicraft.displays.end_game.display.unlocked": "Unlocked! %s Score Time",
  "minicraft.displays.end_game.exit": "Exit to Menu",
  "minicraft.displays.info.display.exit_help": "%s/%s:Exit",
  "minicraft.displays.info.display.score": "Current Score: %s",
  "minicraft.displays.info.display.time": "Time Played: %s",
  "minicraft.displays.info.title": "Player Stats",
  "minicraft.displays.key_input.display.help.0": "Press C/Enter to change key binding",
  "minicraft.displays.key_input.display.help.1": "Press A to add key binding",
  "minicraft.displays.key_input.display.help.2": "Shift-D to reset all keys to default",
  "minicraft.displays.key_input.display.help.3": "%s to Return to menu",
  "minicraft.displays.key_input.popup_display.confirm_reset": "Are you sure you want to reset all key bindings to the default keys?",
  "minicraft.displays.key_input.popup_display.press_key_sequence": "Press the desired key sequence",
  "minicraft.displays.key_input.title": "Controls",
  "minicraft.displays.loading.message.entities": "Entities",
  "minicraft.displays.loading.message.generating": "Generating",
  "minicraft.displays.loading.message.level": "Level %s",
  "minicraft.displays.loading.message.levels": "Levels",
  "minicraft.displays.loading.message.loading": "Loading",
  "minicraft.displays.loading.message.saving": "Saving",
  "minicraft.displays.loading.message.world": "World",
  "minicraft.displays.options_main_menu": "Main Menu Options",
  "minicraft.displays.options_main_menu.resource_packs": "Resource packs",
  "minicraft.displays.options_world": "World Options",
  "minicraft.displays.options_world.off_tutorials_confirm_popup": "Are you sure you want to turn off the tutorials forever?",
  "minicraft.displays.options_world.turn_off_tutorials": "Turn off tutorials",
  "minicraft.displays.pause": "Paused",
  "minicraft.displays.pause.display.exit_popup.0": "Are you sure you want to exit the game?",
  "minicraft.displays.pause.display.exit_popup.1": "All unsaved progress will be lost",
  "minicraft.displays.pause.display.exit_popup.cancel": "Cancel",
  "minicraft.displays.pause.display.exit_popup.quit": "Quit without saving",
  "minicraft.displays.pause.display.help.choose": "%s: Choose",
  "minicraft.displays.pause.display.help.scroll": "%s and %s to Scroll",
  "minicraft.displays.pause.menu": "Main Menu",
  "minicraft.displays.pause.return": "Return to Game",
  "minicraft.displays.pause.save": "Save Game",
  "minicraft.displays.player_death.display.score": "Score: %s",
  "minicraft.displays.player_death.display.time": "Time: %s",
  "minicraft.displays.player_death.quit": "Quit",
  "minicraft.displays.player_death.respawn": "Respawn",
  "minicraft.displays.player_death.save_quit": "Save and Quit",
  "minicraft.displays.player_death.title": "You died! Aww!",
  "minicraft.displays.player_inv.container_title.items": "Items",
  "minicraft.displays.player_inv.display.help": "(%s) to search.",
  "minicraft.displays.quests": "Quests",
  "minicraft.displays.quests.display.header.completed": "Completed",
  "minicraft.displays.quests.display.header.unlocked": "Unlocked",
  "minicraft.displays.quests.display.no_quest_desc": "No quest",
  "minicraft.displays.resource_packs.display.help.move": "Use %s and %s to move.",
  "minicraft.displays.resource_packs.display.help.select": "%s to examine.",
  "minicraft.displays.resource_packs.display.help.position": "SHIFT-[LEFT|RIGHT|UP|DOWN] to move packs. ",
  "minicraft.displays.resource_packs.display.title": "Resource Packs",
  "minicraft.displays.skin": "Skins",
  "minicraft.displays.skin.display.help.move": "Use %s and %s to move.",
  "minicraft.displays.skin.display.help.select": "%s to select, and %s to cancel.",
  "minicraft.displays.title.display.cannot_check": "Could not check for updates.",
  "minicraft.displays.title.display.checking": "Checking for updates...",
  "minicraft.displays.title.display.help.0": "(%s, %s to select)",
  "minicraft.displays.title.display.help.1": "(%s to accept)",
  "minicraft.displays.title.display.help.2": "(%s to return)",
  "minicraft.displays.title.display.latest_already": "You have the latest version.",
  "minicraft.displays.title.display.new_version": "New: %s",
  "minicraft.displays.title.display.version": "Version %s",
  "minicraft.displays.title.help": "Help",
  "minicraft.displays.title.help.about": "About",
  "minicraft.displays.title.help.credits": "Credits",
  "minicraft.displays.title.help.instructions": "Instructions",
  "minicraft.displays.title.help.storyline_guide": "Storyline Guide",
  "minicraft.displays.title.link_to_version": "Direct link to latest version: %s",
  "minicraft.displays.title.play": "Play",
  "minicraft.displays.title.play.load_world": "Load World",
  "minicraft.displays.title.play.new_world": "New World",
  "minicraft.displays.title.quit": "Quit",
  "minicraft.displays.title.select_to_download": "--Select here to Download--",
  "minicraft.displays.world_gen.create_world": "Create World",
  "minicraft.displays.world_gen.enter_world": "Enter World Name",
  "minicraft.displays.world_gen.title": "World Gen Options",
  "minicraft.displays.world_gen.troublesome_input": "Trouble with world name?",
  "minicraft.displays.world_gen.troublesome_input.msg": "it seems you've set letters as the controls to move the cursor up and down, which is probably annoying. This can be changed in the key binding menu as the \"cursor-XXX\" keys. For now, to type the letter instead of moving the cursor, hold the shift key while typing.",
  "minicraft.displays.world_gen.world_seed": "World Seed",
  "minicraft.displays.world_select.display.help.0": "%s to confirm",
  "minicraft.displays.world_select.display.help.1": "%s to return",
  "minicraft.displays.world_select.display.help.2": "SHIFT-C to copy",
  "minicraft.displays.world_select.display.help.3": "SHIFT-R to rename",
  "minicraft.displays.world_select.display.help.4": "SHIFT-D to delete",
  "minicraft.displays.world_select.display.world_too_new": "Higher version, cannot load world!",
  "minicraft.displays.world_select.display.world_version": "World Version: %s",
  "minicraft.displays.world_select.popups.display.cancel": "%s to cancel",
  "minicraft.displays.world_select.popups.display.change": "New World Name:",
  "minicraft.displays.world_select.popups.display.confirm": "%s to confirm",
  "minicraft.displays.world_select.popups.display.delete": "Are you sure you want to delete\n%s\"%s\"%s?\nThis can not be undone!",
  "minicraft.displays.world_select.select_world": "Select World",
  "minicraft.notification.achievement_unlocked": "Achivement unlocked: %s",
  "minicraft.notification.air_wizard_defeated": "Air Wizard Defeated!",
  "minicraft.notification.cannot_sleep": "Can't sleep! %sMin %s Sec left!",
  "minicraft.notification.death_chest_retrieved": "Death chest retrieved!",
  "minicraft.notification.defeat_air_wizard_first": "The airwizard must be defeated first.",
  "minicraft.notification.dig_hole": "Dig a hole first!",
  "minicraft.notification.dungeon_opened": "The Dungeon is now open!",
  "minicraft.notification.gem_pickaxe_required": "Gem Pickaxe Required.",
  "minicraft.notification.invalid_placement": "Can only be placed on %s!",
  "minicraft.notification.quest_completed": "Quest completed",
  "minicraft.notification.quest_unlocked": "Quest unlocked",
  "minicraft.notification.world_saved": "World Saved!",
  "minicraft.notification.wrong_level_sky": "Can only be summoned on the sky level",
  "minicraft.settings.fps": "Max FPS",
  "minicraft.settings.difficulty": "Difficulty",
  "minicraft.settings.difficulty.easy": "Easy",
  "minicraft.settings.difficulty.normal": "Normal",
  "minicraft.settings.difficulty.hard": "Hard",
  "minicraft.settings.mode": "Game Mode",
  "minicraft.settings.mode.survival": "Survival",
  "minicraft.settings.mode.creative": "Creative",
  "minicraft.settings.mode.hardcore": "Hardcore",
  "minicraft.settings.mode.score": "Score",
  "minicraft.settings.scoretime": "Time (Score Mode)",
  "minicraft.settings.screenshot_scale": "Screenshot Scale",
  "minicraft.settings.sound": "Sound",
  "minicraft.settings.autosave": "Autosave",
  "minicraft.settings.size": "World Size",
  "minicraft.settings.theme": "World Theme",
  "minicraft.settings.theme.normal": "Normal",
  "minicraft.settings.theme.forest": "Forest",
  "minicraft.settings.theme.desert": "Desert",
  "minicraft.settings.theme.plain": "Plain",
  "minicraft.settings.theme.hell": "Hell",
  "minicraft.settings.type": "Terrain Type",
  "minicraft.settings.type.island": "Island",
  "minicraft.settings.type.box": "Box",
  "minicraft.settings.type.mountain": "Mountain",
  "minicraft.settings.type.irregular": "Irregular",
  "minicraft.settings.language": "Language",
  "minicraft.skin.paul": "Paul",
  "minicraft.skin.paul_cape": "Paul with cape",
  "minicraft.skin.minecraft_steve": "Familiar boy",
  "minicraft.skin.minecraft_alex": "Familiar girl",
  "minicraft.text_particales.key_consumed": "-1 key",
  "Death Chest": "Death Chest",
  "Player": "Player",
  "Leather Armor": "Leather Armor",
  "Snake Armor": "Snake Armor",
  "Iron Armor": "Iron Armor",
  "Gold Armor": "Gold Armor",
  "Gem Armor": "Gem Armor",
  "Book": "Book",
  "Antidious": "Antidious",
  "Empty Bucket": "Empty Bucket",
  "Water Bucket": "Water Bucket",
  "Lava Bucket": "Lava Bucket",
  "Red Clothes": "Red Clothes",
  "Blue Clothes": "Blue Clothes",
  "Green Clothes": "Green Clothes",
  "Yellow Clothes": "Yellow Clothes",
  "Black Clothes": "Black Clothes",
  "Orange Clothes": "Orange Clothes",
  "Purple Clothes": "Purple Clothes",
  "Cyan Clothes": "Cyan Clothes",
  "Reg Clothes": "Reg Clothes",
  "Bread": "Bread",
  "Apple": "Apple",
  "Raw Pork": "Raw Pork",
  "Raw Fish": "Raw Fish",
  "Raw Beef": "Raw Beef",
  "Pork Chop": "Pork Chop",
  "Cooked Fish": "Cooked Fish",
  "Cooked Pork": "Cooked Pork",
  "Steak": "Steak",
  "Gold Apple": "Gold Apple",
  "Baked Potato": "Baked Potato",
  "Cow Spawner": "Cow Spawner",
  "Pig Spawner": "Pig Spawner",
  "Sheep Spawner": "Sheep Spawner",
  "Slime Spawner": "Slime Spawner",
  "Zombie Spawner": "Zombie Spawner",
  "Creeper Spawner": "Creeper Spawner",
  "Skeleton Spawner": "Skeleton Spawner",
  "Snake Spawner": "Snake Spawner",
  "Knight Spawner": "Knight Spawner",
  "AirWizard Spawner": "AirWizard Spawner",
  "Workbench": "Workbench",
  "Oven": "Oven",
  "Furnace": "Furnace",
  "Anvil": "Anvil",
  "Enchanter": "Enchanter",
  "Loom": "Loom",
  "Lantern": "Lantern",
  "Iron Lantern": "Iron Lantern",
  "Gold Lantern": "Gold Lantern",
  "Tnt": "Tnt",
  "Bed": "Bed",
  "Chest": "Chest",
  "None Potion": "None Potion",
  "Speed Potion": "Speed Potion",
  "Light Potion": "Light Potion",
  "Swim Potion": "Swim Potion",
  "Energy Potion": "Energy Potion",
  "Regen Potion": "Regen Potion",
  "Health Potion": "Health Potion",
  "Time Potion": "Time Potion",
  "Lava Potion": "Lava Potion",
  "Shield Potion": "Shield Potion",
  "Haste Potion": "Haste Potion",
  "Escape Potion": "Escape Potion",
  "Potion": "Potion",
  "Power Glove": "Power Glove",
  "Wood": "Wood",
  "Stone": "Stone",
  "Leather": "Leather",
  "Wheat": "Wheat",
  "Key": "Key",
  "arrow": "arrow",
  "string": "string",
  "Coal": "Coal",
  "Iron Ore": "Iron Ore",
  "Gold Ore": "Gold Ore",
  "Gem Ore": "Gem Ore",
  "Cloud Ore": "Cloud Ore",
  "Iron": "Iron",
  "Gold": "Gold",
  "Lapis": "Lapis",
  "Rose": "Rose",
  "GunPowder": "GunPowder",
  "Slime": "Slime",
  "glass": "glass",
  "cloth": "cloth",
  "gem": "gem",
  "Scale": "Scale",
  "Shard": "Shard",
  "Flower": "Flower",
  "Acorn": "Acorn",
  "Dirt": "Dirt",
  "Natural Rock": "Natural Rock",
  "Plank": "Plank",
  "Plank Wall": "Plank Wall",
  "Wood Door": "Wood Door",
  "Stone Brick": "Stone Brick",
  "Ornate Stone": "Ornate Stone",
  "Stone Wall": "Stone Wall",
  "Stone Door": "Stone Door",
  "Obsidian Brick": "Obsidian Brick",
  "Ornate Obsidian": "Ornate Obsidian",
  "Obsidian Wall": "Obsidian Wall",
  "Obsidian Door": "Obsidian Door",
  "Wool": "Wool",
  "Red Wool": "Red Wool",
  "Blue Wool": "Blue Wool",
  "Green Wool": "Green Wool",
  "Yellow Wool": "Yellow Wool",
  "Black Wool": "Black Wool",
  "Sand": "Sand",
  "Cactus": "Cactus",
  "Seeds": "Seeds",
  "Wheat Seeds": "Wheat Seeds",
  "Grass Seeds": "Grass Seeds",
  "Bone": "Bone",
  "Cloud": "Cloud",
  "Rock": "Rock",
  "Gem": "Gem",
  "Potato": "Potato",
  "Wood Fishing Rod": "Wood Fishing Rod",
  "Iron Fishing Rod": "Iron Fishing Rod",
  "Gold Fishing Rod": "Gold Fishing Rod",
  "Gem Fishing Rod": "Gem Fishing Rod",
  "Shovel": "Shovel",
  "Hoe": "Hoe",
  "Sword": "Sword",
  "Pickaxe": "Pickaxe",
  "Axe": "Axe",
  "Bow": "Bow",
  "Claymore": "Claymore",
  "Shears": "Shears",
  "Torch": "Torch",
  "Wood Planks": "Wood Planks",
  "Stone Bricks": "Stone Bricks",
  "Obsidian": "Obsidian",
  "Wood Wall": "Wood Wall",
  "Grass": "Grass",
  "Hole": "Hole",
  "Stairs Up": "Stairs Up",
  "Stairs Down": "Stairs Down",
  "Water": "Water",
  "Tree": "Tree",
  "Tree Sapling": "Tree Sapling",
  "Cactus Sapling": "Cactus Sapling",
  "Lava": "Lava",
  "Lava Brick": "Lava Brick",
  "Explode": "Explode",
  "Farmland": "Farmland",
  "Hard Rock": "Hard Rock",
  "Infinite Fall": "Infinite Fall",
  "Cloud Cactus": "Cloud Cactus",
  "Raw Obsidian": "Raw Obsidian",
  "Totem of Air": "Totem of Air"
}
