{
  "minicraft.achievement.woodcutter": "Talador",
  "minicraft.achievement.woodcutter.desc": "Conseguir madera",
  "minicraft.achievement.benchmarking": "¡Hora de trabajar!",
  "minicraft.achievement.benchmarking.desc": "Hacer un mesa de trabajo.",
  "minicraft.achievement.upgrade": "Actualización!",
  "minicraft.achievement.upgrade.desc": "Consigue una herramienta con un material más resistente que la madera.",
  "minicraft.achievement.bow": "¡Inclínate ante mí!",
  "minicraft.achievement.bow.desc": "Mata a un Mob con un arco.",
  "minicraft.achievement.fish": "¡Arriba los peces!",
  "minicraft.achievement.fish.desc": "¡Pescar un pez!",
  "minicraft.achievement.doors": "Protección de puertas",
  "minicraft.achievement.doors.desc": "Coloque todas las puertas.",
  "minicraft.achievement.planks": "¡Camina por las tablas!",
  "minicraft.achievement.planks.desc": "Coloca todos los tipos de tablas.",
  "minicraft.achievement.clothes": "¡Que tengas un día lleno de color!",
  "minicraft.achievement.clothes.desc": "Consigue ropa de todos los colores.",
  "minicraft.achievement.demolition": "Demostración de demolición",
  "minicraft.achievement.demolition.desc": "Usa dinamita.",
  "minicraft.achievement.survive_darkness": "¿Miedo a la oscuridad?",
  "minicraft.achievement.survive_darkness.desc": "Sobrevive 5 minutos en total oscuridad.",
  "minicraft.achievement.lava": "Asuntos candentes",
  "minicraft.achievement.lava.desc": "Usa una poción de lava para nadar en lava.",
  "minicraft.achievement.find_gem": "¡Oooh Brillante!",
  "minicraft.achievement.find_gem.desc": "Encuentra el mineral de gema y minalo.",
  "minicraft.achievement.lowest_caves": "La oscuridad detrás de la luz",
  "minicraft.achievement.lowest_caves.desc": "Llega a las cuevas más bajas.",
  "minicraft.achievement.obsidian_dungeon": "De caballeros y hombres",
  "minicraft.achievement.obsidian_dungeon.desc": "Llega a la mazmorra de obsidiana.",
  "minicraft.achievement.airwizard": "Derrota... ¿el aire?",
  "minicraft.achievement.airwizard.desc": "¡Derrota al primer Mago del Aire!",
  "minicraft.achievement.skin": "Desfile de moda",
  "minicraft.achievement.skin.desc": "Cambia de personaje.",
  "minicraft.display.achievement": "Logros",
  "minicraft.display.achievement.achieved": "¡Conseguido!",
  "minicraft.display.achievement.not_achieved": "No se ha conseguido",
  "minicraft.display.achievement.score": "Puntuación del logro:",
  "minicraft.notification.achievement_unlocked": "Logro desbloqueado:",
  "Entities": "Entidades",
  "Air Wizard: Defeated!": "Mago de Aire: Derrotado!",
  "The Dungeon is now open!": "El calabozo está abierto ahora",
  "A costume lies on the ground...": "Un disfraz descansa en el suelo...",
  "Can't sleep!": "¡No puedes dormir!",
  "Min ": "Min ",
  " Sec left!": " Segundo restante!",
  "You hear a noise from the surface!": "Escuchas un ruido de la superficie!",
  "Death Chest": "Cofre de la Muerte",
  "Player": "Jugador",
  "Crafting": "Elaborando",
  "Set your home!": "Establece tu casa!",
  "Can't set home here!": "No puedes establecer la casa aquí!",
  "Home Sweet Home!": "Hogar Dulce Hogar!",
  "Mode penalty: -2 health": "Modo de penalización: -2 de salud",
  "You don't have a home!": "No tienes una casa!",
  "You can't go home from here!": "No puedes ir a casa desde aquí!",
  "Leather Armor": "Armadura de Cuero",
  "Snake Armor": "Armadura de Serpiente",
  "Iron Armor": "Armadura de Hierro",
  "Gold Armor": "Armadura de Oro",
  "Gem Armor": "Armadura de Gema",
  "Book": "Libro",
  "Antidious": "Antídoto",
  "Empty Bucket": "Cubo vacío",
  "Water Bucket": "Cubo de Agua",
  "Lava Bucket": "Cubo de Lava",
  " Bucket": " Cubo",
  "Red Clothes": "Ropa Roja",
  "Blue Clothes": "Ropa Azul",
  "Green Clothes": "Ropa Verde",
  "Yellow Clothes": "Ropa Amarilla",
  "Black Clothes": "Ropa Negra",
  "Orange Clothes": "Ropa Anaranjada",
  "Purple Clothes": "Ropa Morado",
  "Cyan Clothes": "Ropa Turquesa",
  "Reg Clothes": "Ropa Reg",
  "Bread": "Pan",
  "Apple": "Manzana",
  "Raw Pork": "Cerdo crudo",
  "Raw Fish": "Pescado crudo",
  "Raw Beef": "Bistec crudo",
  "Pork Chop": "Chuleta de Cerdo",
  "Cooked Fish": "Pescado cocido",
  "Cooked Pork": "Cerdo cocido",
  "Steak": "Bistec",
  "Gold Apple": "Manzana Dorada",
  "Baked Potato": "Patata al Horno",
  "Cow Spawner": "Generador de Vaca",
  "Pig Spawner": "Generador de Cerdo",
  "Sheep Spawner": "Generador de Oveja",
  "Slime Spawner": "Generador de Slime",
  "Zombie Spawner": "Generador de Zombie",
  "Creeper Spawner": "Generador de Creeper",
  "Skeleton Spawner": "Generador de Esqueleto",
  "Snake Spawner": "Generador de Serpiente",
  "Knight Spawner": "Generador de Caballero",
  "AirWizard Spawner": "Generador de MagoAire",
  "Workbench": "Mesa de trabajo",
  "Oven": "Horno",
  "Furnace": "Horno",
  "Anvil": "Yunque",
  "Enchanter": "Encantador",
  "Loom": "Telar",
  "Lantern": "Linterna",
  "Iron Lantern": "Linterna de Hierro",
  "Gold Lantern": "Linterna de Oro",
  "Tnt": "Dinamita",
  "Bed": "Cama",
  "Chest": "Cofre",
  "None Potion": "Ninguna Poción",
  "Speed Potion": "Poción de Velocidad",
  "Light Potion": "Poción de Luz",
  "Swim Potion": "Poción de Nadar",
  "Energy Potion": "Poción de Energía",
  "Regen Potion": "Poción de Reneg",
  "Health Potion": "Poción de Vida",
  "Time Potion": "Poción de Tiempo",
  "Lava Potion": "Poción de Lava",
  "Shield Potion": "Poción de Escudo",
  "Haste Potion": "Poción de Prisa",
  "Escape Potion": "Poción de Escapar",
  "Potion": "Poción",
  "Power Glove": "Poder de Guante",
  "Wood": "Madera",
  "Stone": "Piedra",
  "Leather": "Cuero",
  "Wheat": "Trigo",
  "Key": "Llave",
  "arrow": "flecha",
  "string": "cuerda",
  "Coal": "Carbón",
  "Iron Ore": "Mena de Hierro",
  "Lapis": "Lapis",
  "Gold Ore": "Mena de Oro",
  "Iron": "Hierro",
  "Gold": "Oro",
  "Rose": "Rosa",
  "GunPowder": "Pólvora",
  "Slime": "Slime",
  "glass": "cristal",
  "cloth": "paño",
  "gem": "gema",
  "Scale": "Escala",
  "Shard": "Élitro",
  "Flower": "Flor",
  "Acorn": "Bellota",
  "Dirt": "Tierra",
  "Natural Rock": "Roca natural",
  "Plank": "Tablón",
  "Plank Wall": "Muro de Tablón",
  "Wood Door": "Puerta de Madera",
  "Stone Brick": "Ladrillo de Piedra",
  "Ornate Stone": "Piedra Ornamentada",
  "Stone Wall": "Muro de Piedra",
  "Stone Door": "Puerta de Piedra",
  "Obsidian Brick": "Ladrillo de Obsidiana",
  "Ornate Obsidian": "Obsidiana Ornamentada",
  "Obsidian Wall": "Muro de Obsidiana",
  "Obsidian Door": "Puerta de Obsidiana",
  "Wool": "Lana",
  "Red Wool": "Lana Roja",
  "Blue Wool": "Lana Azul",
  "Green Wool": "Lana Verde",
  "Yellow Wool": "Lana Amarilla",
  "Black Wool": "Lana Negra",
  "Sand": "Arena",
  "Cactus": "Cactus",
  "Seeds": "Semillas",
  "Wheat Seeds": "Semilla de Trigo",
  "Grass Seeds": "Semillas de Pasto",
  "Bone": "Hueso",
  "Cloud": "Nube",
  "Rock": "Roca",
  "Gem": "Gema",
  "Potato": "Patata",
  "Wood Fishing Rod": "Caña de pescar de madera",
  "Iron Fishing Rod": "Caña de pescar de hierro",
  "Gold Fishing Rod": "Caña de pescar de oro",
  "Gem Fishing Rod": "Caña de pescar de gema",
  "Shovel": "Pala",
  "Hoe": "Azada",
  "Sword": "Espada",
  "Pickaxe": "Pico",
  "Axe": "Hacha",
  "Bow": "Arco",
  "Claymore": "Claymore",
  "Shears": "Tijeras",
  "Torch": "Antorcha",
  "Gem Ore": "Mena de Gema",
  "Wood Planks": "Tablón de Madera",
  "Stone Bricks": "Ladrillo de piedra",
  "Obsidian": "Obsidiana",
  "Wood Wall": "Muro de Madera",
  "Grass": "Pasto",
  "Hole": "Hoyo",
  "Stairs Up": "Escaleras Arriba",
  "Stairs Down": "Escaleras Abajo",
  "Water": "Agua",
  "Tree": "Árbol",
  "Tree Sapling": "Brote de Árbol",
  "Cactus Sapling": "Cactus Joven",
  "Lava": "Lava",
  "Lava Brick": "Ladrillo de Lava",
  "Explode": "Explotar",
  "Farmland": "Tierras de cultivo",
  "Hard Rock": "Roca Dura",
  "Infinite Fall": "Caída Infinita",
  "Cloud Cactus": "Nubes de Cactus",
  "Ore": "Mena",
  "host not found": "alojamiento no encontrado",
  "unable to get localhost address": "incapaz de obtener la dirección localhost",
  "World Saved!": "¡Mundo Guardado!",
  "On": "On",
  "Off": "Off",
  "There is nothing of use here.": "No hay nada de uso aquí.",
  "Still nothing... :P": "Todavía nada... :P",
  "Have:": "Tienes:",
  "Cost:": "Costo:",
  "Time: ": "Tiempo: ",
  "Score: ": "Puntos: ",
  "Quit": "Salir",
  "Respawn": "Reaparecer",
  "You died! Aww!": "Moriste! Aww!",
  "Player Score: ": "Puntos del Jugador: ",
  "<Bonuses>": "<Bonús>",
  "Final Score: ": "Puntos final: ",
  "Exit to Menu": "Salir al Menu",
  "Time Played: ": "Tiempo Jugado: ",
  "Current Score: ": "Puntuación Actual: ",
  "Exit": "Salir",
  "Player Stats": "Estadisticas del Jugador",
  "Controls": "Controles",
  "Press the desired": "Presione el deseado",
  "key sequence": "secuencia de tecla",
  "minicraft.display.key_input.confirm_popup": "Estás seguro que quieres reiniciar todos los atajos de teclado a las teclas predeterminadas?",
  "minicraft.display.popup.enter_confirm": "enter para confirmar",
  "minicraft.display.popup.escape_cancel": "ESC para cancelar",
  "Confirm Action": "Confirmar Acción",
  "Press C/Enter to change key binding": "Presiona C/Enter para cambiar el atajo de teclado",
  "Press A to add key binding": "Presiona A para añadir atajo de teclado",
  "Shift-D to reset all keys to default": "Shift-D para restablecer todas las teclas a sus valores predeterminados",
  "ESCAPE to Return to menu": "ESC para Regresar al menú",
  "Loading": "Cargando",
  "Generating": "Generando",
  "World": "Mundo",
  "waiting": "esperando",
  "nothing": "nada",
  "attempting log in": "intentando iniciar sesión",
  "no internet connection, but no login data saved; cannot enter offline mode.": "no hay conexión a Internet, pero no se guardaron datos de inicio de sesión; no puede ingresar al modo fuera de línea.",
  "connecting to server": "conectando al servidor",
  "logging in": "iniciando sesión",
  "saving credentials": "guardando credenciales",
  "login failed.": "error de inicio de sesion.",
  "problem with saved login data; please exit and login again.": "problema con los datos de inicio de sesión guardados; por favor salga y vuelva a iniciar sesión.",
  "Internal server error: Couldn't fetch username from uuid": "Error interno del servidor: no se pudo obtener el nombre de usuario de uuid",
  "logged in as: ": "conectado como: ",
  "offline mode: local servers only": "modo fuera de línea: solo servidores locales",
  "Enter ip address to connect to:": "Ingrese la dirección de IP para conectarse:",
  "Press Shift-Escape to logout": "Presione Shift-ESC para cerrar la sesión",
  "Enter email:": "Ingrese correo electronico:",
  "Enter password:": "Ingrese contraseña:",
  "field is blank": "el campo esta en blanco",
  "get an account at:": "obtener una cuenta en:",
  "Loading ": "Cargando ",
  " from server": " desde el servidor",
  "Could not connect to server:": "no pudo conectar al servidor:",
  "Press ": "Presione ",
  " to return": " para regresar",
  "Change Key Bindings": "Cambiar Atajos de Teclado",
  "Options": "Opciones",
  "Change language": "Cambiar idioma",
  "Return to Game": "Regresar al Juego",
  "Make World Multiplayer": "Hacer Mundo Multijugador",
  "Save Game": "Guardar Juego",
  " and ": " y ",
  " to Scroll": " para desplazarse",
  ": Choose": ": Escoge",
  "Paused": "Pausado",
  "Main Menu": "Menú Principal",
  "Yes": "Sí",
  "No": "No",
  "Inventory": "Inventario",
  "to search.": "para buscar.",
  "Play": "Jugar",
  "Load World": "Cargar Mundo",
  "New World": "Nuevo Mundo",
  "Singleplayer": "Un jugador",
  "Multiplayer": "Entrar en Mundo en línea",
  "Help": "Ayuda",
  "Instructions": "Instrucciones",
  "Storyline Guide": "Guía de historias",
  "About": "Acerca de",
  "Credits": "Creditos",
  " to select": " para seleccionar",
  " to accept": " para aceptar",
  "New World Name:": "Nuevo Nombre del Mundo:",
  "Are you sure you want to delete": "Estás seguro que quieres eliminarlo",
  "This can not be undone!": "¡Esto no se puede deshacer!",
  " to confirm": " para confirmar",
  " to cancel": " para cancelar",
  "World Seed": "Semilla del Mundo",
  "Enter World Name": "Ingrese Nombre del Mundo",
  "Trouble with world name?": "¿Problema con el nombre?",
  "by default, w and s move the cursor up and down. This can be changed in the key binding menu. To type the letter instead of moving the cursor, hold the shift key while typing the world name.": "de forma predeterminada, w y s mueven el cursor hacia arriba y hacia abajo. Esto se puede cambiar en el menú de enlace de teclas. Para escribir la letra en lugar de mover el cursor, mantenga presionada la tecla Mayús mientras escribe el nombre del mundo.",
  "Create World": "Crear Mundo",
  "World Gen Options": "Opciones de Generador de Mundo",
  " to Copy": " para Copiar",
  " to Rename": " para Renombrar",
  " to Delete": " para Eliminar",
  "Select World": "Seleccionar Mundo",
  "Select a World to Delete": "Selecciona un Mundo para Eliminar",
  "Select a World to Rename": "Selecciona un Mundo para Renombrar",
  "Select a World to Copy": "Selecciona un Mundo para Copiar",
  "Higher version, cannot load world!": "Version más nueva, ¡no se puede cargar el mundo!",
  "World Version:": "Version del Mundo:",
  "Languages": "Idiomas",
  "Language": "Idioma",
  "Select": "Selecionar",
  "Max FPS": "Max FPS",
  "Difficulty": "Dificultad",
  "Easy": "Facíl",
  "Normal": "Normal",
  "Hard": "Difícil",
  "Game Mode": "Modo de Juego",
  "Survival": "Supervivencia",
  "Creative": "Creativo",
  "Hardcore": "Hardcore",
  "Score": "Puntos",
  "Time (Score Mode)": "Tiempo (Modo Puntos)",
  "Sound": "Sonido",
  "Autosave": "Autoguardado",
  "World Size": "Tamaño del Mundo",
  "World Theme": "Tema del Mundo",
  "Forest": "Bosque",
  "Desert": "Desierto",
  "Plain": "Plano",
  "Hell": "Infierno",
  "Terrain Type": "Tipo de Terreno",
  "Island": "Isla",
  "Box": "Caja",
  "Mountain": "Montaña",
  "Irregular": "Inrregular",
  "Wear Suit": "Usar traje",
  "You have the latest version.": "Tienes la última version.",
  "minicraft.display.skin": "Personajes",
  "minicraft.skin.paul": "Paul",
  "minicraft.skin.paul_cape": "Paul con capa",
  "minicraft.skin.minecraft_steve": "Hombre conocido",
  "minicraft.skin.minecraft_alex": "Mujer conocida",
  "minicraft.notification.invalid_placement": "Sólo puede colocarse en",
  "minicraft.notification.dig_hole": "¡Cava un agujero primero!"
}
