{
  "minicraft.achievement.woodcutter": "Bûcheron",
  "minicraft.achievement.woodcutter.desc": "Obtenir du bois.",
  "minicraft.achievement.benchmarking": "Artisanat",
  "minicraft.achievement.benchmarking.desc": "Fabriquez un établi.",
  "minicraft.achievement.upgrade": "Mise à niveau!",
  "minicraft.achievement.upgrade.desc": "Fabriquer n'importe quel outil à partir de la pierre.",
  "minicraft.achievement.bow": "Prosternez-vous devant moi !",
  "minicraft.achievement.bow.desc": "Tirez une flèche avec un arc.",
  "minicraft.achievement.fish": "Allez les poissons!",
  "minicraft.achievement.fish.desc": "attraper un poisson!",
  "minicraft.achievement.doors": "Protection des adorateurs",
  "minicraft.achievement.doors.desc": "Fabrication d'une porte en bois.",
  "minicraft.achievement.planks": "Marche sur les planches!",
  "minicraft.achievement.planks.desc": "Planches de bois artisanales.",
  "minicraft.achievement.clothes": "Passez une journée haute en couleurs!",
  "minicraft.achievement.clothes.desc": "Créez des vêtements de n'importe quelle couleur",
  "minicraft.achievement.demolition": "Démonstration de démolition",
  "minicraft.achievement.demolition.desc": "Utilisez du TNT.",
  "minicraft.achievement.survive_darkness": "Peur de l'obscurité?",
  "minicraft.achievement.survive_darkness.desc": "Survivre 5 minutes dans l'obscurité totale.",
  "minicraft.achievement.lava": "Affaires chaudes",
  "minicraft.achievement.lava.desc": "Utilisez une potion de lave pour nager dans la lave..",
  "minicraft.achievement.find_gem": "Oooh Brillant!",
  "minicraft.achievement.find_gem.desc": "Trouvez le minerai de gemme et exploitez-le.",
  "minicraft.achievement.lowest_caves": "L'obscurité derrière la lumière",
  "minicraft.achievement.lowest_caves.desc": "Atteindre les grottes les plus basses.",
  "minicraft.achievement.obsidian_dungeon": "Des chevaliers et des hommes",
  "minicraft.achievement.obsidian_dungeon.desc": "Atteindre le donjon d'obsidienne.",
  "minicraft.achievement.airwizard": "Vaincre... l'air?",
  "minicraft.achievement.airwizard.desc": "Battez le premier magicien de l'air!",
  "minicraft.achievement.skin": "Défilé de mode",
  "minicraft.achievement.skin.desc": "Changez votre peau.",
  "minicraft.display.achievement": "Réalisations",
  "minicraft.display.achievement.achieved": "Atteint!",
  "minicraft.display.achievement.not_achieved": "Non atteint",
  "minicraft.display.achievement.score": "Score de réussite:",
  "Entities": "Entités",
  "Air Wizard: Defeated!": "Sorcier Des Airs: Vaincu!",
  "The Dungeon is now open!": "Le donjon est ouvert !",
  "A costume lies on the ground...": "Un costume git sur le sol...",
  "Can't sleep! ": "Tu peux pas dormir!",
  "Min ": "Min ",
  " Sec left!": " Sec left!",
  "You hear a noise from the surface!": "Tu entend du bruit venant de la surface!",
  "Death Chest": "Coffre Morbide",
  "Player": "Joueur",
  "Crafting": "Crafting",
  "Set your home!": "Place ta maison!",
  "Can't set home here!": "Tu ne peux pas placer de maison ici!",
  "Home Sweet Home!": "Home Sweet Home!",
  "Mode penalty: -2 health": "Mode penalty: -2 vies",
  "You don't have a home!": "Tu n'as pas de maison!",
  "You can't go home from here!": "Tu ne peux pas rentrez chez toi depuis ici!",
  "Leather Armor": "Armure en Cuir",
  "Snake Armor": "Armure en Serpent",
  "Iron Armor": "Armure en Fer",
  "Gold Armor": "Armure en Or",
  "Gem Armor": "Armure en Gemme",
  "Book": "Livre",
  "Antidious": "Antidious",
  "Empty Bucket": "Seau Vide",
  "Water Bucket": "Seau d'Eau",
  "Lava Bucket": "Seau de Lave",
  " Bucket": " Seau",
  "Red Clothes": "Vetements Rouge",
  "Blue Clothes": "Vetements Bleu",
  "Green Clothes": "Vetements Vert",
  "Yellow Clothes": "Vetements Jaune",
  "Black Clothes": "Vetements Noir",
  "Orange Clothes": "Vetements Orange",
  "Purple Clothes": "Vetements Violet",
  "Cyan Clothes": "Vetements Cyan",
  "Reg Clothes": "Vetements de Chifons",
  "Bread": "Pain",
  "Apple": "Pomme",
  "Raw Pork": "Cochon Cru",
  "Raw Fish": "Poisson Cru",
  "Raw Beef": "Beuf Cru",
  "Pork Chop": "Cotelette",
  "Cooked Fish": "Poisson Fume",
  "Cooked Pork": "Cochon Cuit",
  "Steak": "Steak",
  "Gold Apple": "Pomme d'Or",
  "Cow Spawner": "Generateur a Vaches",
  "Pig Spawner": "Generateur a Cochons",
  "Sheep Spawner": "Generateur a Moutons",
  "Slime Spawner": "Generateur a Slime",
  "Zombie Spawner": "Generateur a Zombie",
  "Creeper Spawner": "Generateur a Creeper",
  "Skeleton Spawner": "Generateur a Squelettes",
  "Snake Spawner": "Generateur a Serpents",
  "Knight Spawner": "Generateur a Chevalier",
  "AirWizard Spawner": "Generateur a Sorciers des Airs ",
  "Workbench": "Atelier",
  "Oven": "Four",
  "Furnace": "Fourneau",
  "Anvil": "Enclume",
  "Enchanter": "Enchanteur",
  "Loom": "Metier a Tisser",
  "Lantern": "Lanterne",
  "Iron Lantern": "Lanterne en Fer",
  "Gold Lantern": "Lanterne en Or",
  "Tnt": "Tnt",
  "Bed": "Lit",
  "Chest": "Coffre",
  "None Potion": "Potion Nulle",
  "Speed Potion": "Potion de Vitesse",
  "Light Potion": "Potion de Phosphorescence",
  "Swim Potion": "Potion de Nage",
  "Energy Potion": "Potion Energetique",
  "Regen Potion": "Potion de Regeneration",
  "Health Potion": "Potion de Vitalite.",
  "Time Potion": "Potion de Temps",
  "Lava Potion": "Potion de Lave",
  "Shield Potion": "Potion de Bouclier",
  "Haste Potion": "Potion de Hate",
  "Potion": "Potion",
  "Power Glove": "Gant de Force",
  "Wood": "Bois",
  "Stone": "Pierre",
  "Leather": "Cuir",
  "Wheat": "Ble",
  "Key": "Cle",
  "arrow": "fleche",
  "string": "fil",
  "Coal": "Charbon",
  "Iron Ore": "Minerai de Fer",
  "Lapis": "Lapis",
  "Gold Ore": "Minerai d'Or",
  "Iron": "Fer",
  "Gold": "Or",
  "Rose": "Rose",
  "GunPowder": "PoudreACanon",
  "Slime": "Slime",
  "glass": "verre",
  "cloth": "chiffon",
  "gem": "gemme",
  "Scale": "Echelle",
  "Shard": "Tesson",
  "Flower": "Fleur",
  "Acorn": "Gland",
  "Dirt": "Terre",
  "Natural Rock": "Roche naturelle",
  "Plank": "Planche",
  "Plank Wall": "Mur De Planches",
  "Wood Door": "Porte en Bois",
  "Stone Brick": "Brique de Pierre",
  "Ornate Stone": "Pierre ornée",
  "Stone Wall": "Mur de Pierre",
  "Stone Door": "Porte de Pierre",
  "Obsidian Brick": "Brique d'Obsidienne",
  "Ornate Obsidian": "Obsidienne ornée",
  "Obsidian Wall": "Mur d'Obsidienne",
  "Obsidian Door": "Porte d'Obsidienne",
  "Wool": "Laine",
  "Red Wool": "Laine Rouge",
  "Blue Wool": "Laine Bleue",
  "Green Wool": "Laine Verte",
  "Yellow Wool": "Laine Jaune",
  "Black Wool": "Laine Noire",
  "Sand": "Sable",
  "Cactus": "Cactus",
  "Wheat Seeds": "Graines de blé",
  "Seeds": "Graines",
  "Grass Seeds": "Graines d'Herbe",
  "Bone": "Os",
  "Cloud": "Nuage",
  "Rock": "Roche",
  "Gem": "Gemme",
  "Wood Fishing Rod": "Canne à pêche en bois",
  "Iron Fishing Rod": "Canne à pêche en fer",
  "Gold Fishing Rod": "Canne à pêche en or",
  "Gem Fishing Rod": "Canne à pêche Gem",
  "Shovel": "Pelle",
  "Hoe": "Houe",
  "Sword": "Epee",
  "Pickaxe": "Pioche",
  "Axe": "Hache",
  "Bow": "Arc",
  "Claymore": "Argile",
  "Shears": "Ciseaux",
  "Torch": "Torche",
  "Gem Ore": "Minerai de Gemme",
  "Wood Planks": "Planches de Bois",
  "Stone Bricks": "Briques de Pierre",
  "Obsidian": "Obsidienne",
  "Wood Wall": "Mur de Bois",
  "Grass": "Herbe",
  "Hole": "Trou",
  "Stairs Up": "Escaliers Montants",
  "Stairs Down": "Escaliers Descendants",
  "Water": "Eau",
  "Tree": "Arbre",
  "Tree Sapling": "Arbrisseau",
  "Cactus Sapling": "Pousse de Cactus",
  "Lava": "Lave",
  "Lava Brick": "Brique de Lave",
  "Explode": "Exploser",
  "Farmland": "Terre Agricole",
  "Hard Rock": "Roche Dure",
  "Infinite Fall": "Chute Infinie",
  "Cloud Cactus": "Cactus Nuage",
  "Ore": "Minerai",
  "host not found": "hote non trouve",
  "unable to get localhost address": "incapable d'avoir l'adresse locale",
  "World Saved!": "Monde sauvé!",
  "On": "Marche",
  "Off": "Arret",
  "There is nothing of use here.": "Il n'y a rien d'utile ici.",
  "Still nothing... :P": "Toujours rien... :P",
  "Have:": "A:",
  "Cost:": "Coute:",
  "Time: ": "Temps:",
  "Score: ": "Score: ",
  "Quit": "Quitter",
  "Respawn": "Reapparaitre",
  "You died! Aww!": "Tu es mort! Aww!",
  "With the default controls...\\n\\nMove your character with arrow keys or WSAD. Press C to attack and X to open the inventory, and to use items. Select an item in the inventory to equip it.\\n\\nKill the air wizard to win the game!": "Avec les controles par defaut...\\n\\nBougez votre avatar avec les fleches ou WSAD. Appuyez sur C pour attaquer et X pour ouvrir l'inventaire, et utiliser des objets. Choisissez un objet de l'inventaire pour l'equiper.\\n\\nTuez le sorcier des airs pour gagner!",
  "Player Score: ": "Score du Joueur: ",
  "<Bonuses>": "<Bonus>",
  "Final Score: ": "Score Final: ",
  "Exit to Menu": "Retour au Menu",
  "Time Played: ": "Temps Joue: ",
  "Current Score: ": "Score Actuel: ",
  "Exit": "Retour",
  "Player Stats": "Stats du Joueur",
  "Controls": "Controles",
  "Press the desired": "Appuiez sur la",
  "key sequence": "suite de touches desire",
  "minicraft.display.key_input.confirm_popup": "Etes vous sur que vous voulez remettre toute les touches par defaut?",
  "minicraft.display.popup.enter_confirm": "Entree pour confirmer",
  "minicraft.display.popup.escape_cancel": "Echap pour annuler",
  "Confirm Action": "Confirmer l'Action",
  "Press C/Enter to change key binding": "Appuyez sur C/Entree pour changer la touche",
  "Press A to add key binding": "Appuyez sur A pour ajouter un touche",
  "Shift-D to reset all keys to default": "Maj-D pour remettre les touches par defaut.",
  "ESCAPE to Return to menu": "Echap pour retourner au menu",
  "Loading": "Chargement",
  "waiting": "attente",
  "nothing": "rien",
  "attempting log in": "tentative de connection",
  "no internet connection, but no login data saved; cannot enter offline mode.": "pas de connection internet, mais pas de d'identifiant enregiste; on ne peut entre en mode hors-ligne.",
  "connecting to server": "connection au serveur",
  "logging in": "identification",
  "saving credentials": "enregistrement de l'identite",
  "login failed.": "indentification rate",
  "problem with saved login data; please exit and login again.": "probleme avec l'identifiant enregistre",
  "Internal server error: Couldn't fetch username from uuid": "Erreur du serveur interne: Ne peut recuperer le pseudo depuis l'uuid",
  "logged in as: ": "connecte en tant que:",
  "offline mode: local servers only": "mode hors-ligne: serveurs locaux seulement",
  "Enter ip address to connect to:": "Entrez l'adresse ip a qui se connecter:",
  "Press Shift-Escape to logout": "Appuyez sur Maj-Echap pour vous deconnecter",
  "Enter email:": "Entrez votre email",
  "Enter password:": "Entrez votre mot de passe",
  "field is blank": "champ de texte vide",
  "get an account at:": "obtenez un compte sur:",
  "Loading ": "Chargement ",
  " from server": " depuis le serveur",
  "Could not connect to server:": "N'a pas pu se connecter au serveur:",
  "Press ": "Appuyez",
  " to return": " pour revenir",
  "Change Key Bindings": "Modifier les Touches",
  "Options": "Options",
  "Change language": "Changer de langue",
  "Return to Game": "Retourner au Jeu",
  "Make World Multiplayer": "Rendre le Monde Jouable en Multijoueur",
  "Save Game": "Sauvegarder",
  " and ": " et",
  " to Scroll": " pour Defiler",
  ": Choose": ": Choisissez",
  "Paused": "Pause",
  "Main Menu": "Menu Principal",
  "Inventory": "Inventaire",
  "to search.": "à rechercher.",
  "Play": "Jouer",
  "Load World": "Charger un Monde",
  "New World": "Creer un Monde",
  "Multiplayer": "Joindre un Monde en Ligne",
  "Singleplayer": "Jeu solo",
  "Help": "Aide",
  "Instructions": "Instructions",
  "Storyline Guide": "Guide d'Histoire",
  "About": "A Propos",
  "Credits": "Crédits",
  " to select": " pour choisir",
  " to accept": " pour accepter",
  "New World Name:": "Nom du Monde:",
  "Are you sure you want to delete": "Etes vous sur de vouloir effacer",
  "This can not be undone!": "Ceci ne peut etre annule!",
  " to confirm": " pour confirmer",
  " to cancel": " pour annuler",
  "World Seed": "Graine du Monde",
  "Enter World Name": "Entrez le Nom du Monde",
  "Trouble with world name?": "Un probleme avec le nom du monde?",
  "by default, w and s move the cursor up and down. This can be changed in the key binding menu. To type the letter instead of moving the cursor, hold the shift key while typing the world name.": "par defaut, w et s bougent le curseur de haut en bas. Ceci peut etre change dans le menu de changement des touches. Pour taper la lette au lieu de bouger le curseur, maintenez le bouton Maj pendant que vous tapez le nom du monde.",
  "Create World": "Creer le Monde",
  "World Gen Options": "Options de Generation",
  " to Copy": " à Copier",
  " to Rename": " à Renommer",
  " to Delete": " à Effacer",
  "Select World": "Choisir un Monde",
  "Select a World to Delete": "Choisissez un Monde pour Effacer",
  "Select a World to Rename": "Choisissez un Monde pour Renommer",
  "Select a World to Copy": "Choisissez un Monde pour Copier",
  "Higher version, cannot load world!": "Version supérieure, ne peut pas charger le monde!",
  "World Version:": "Version monde:",
  "Languages": "Languages",
  "Language": "Language",
  "Select": "Selectionner",
  "Max FPS": "FPS Max",
  "Difficulty": "Difficulte",
  "Easy": "Facile",
  "Normal": "Normal",
  "Hard": "Difficile",
  "Game Mode": "Mode de Jeu",
  "Survival": "Survie",
  "Creative": "Creatif",
  "Hardcore": "Hardcore",
  "Score": "Score",
  "Time (Score Mode)": "Temps (Mode Score)",
  "Sound": "Son",
  "Autosave": "Sauvegarde Auto",
  "World Size": "Taille du Monde",
  "World Theme": "Theme du Monde",
  "Forest": "Foret",
  "Desert": "Desert",
  "Plain": "Plaines",
  "Hell": "Enfer",
  "Terrain Type": "Type de Terrain",
  "Island": "Ile",
  "Box": "Boite",
  "Mountain": "Montagne",
  "Irregular": "Irregulier",
  "Wear Suit": "Porter Combinaison",
  "You have the latest version.": "Vous avez la dernière version.",
  "minicraft.display.skin": "Skins",
  "minicraft.skin.paul": "Paul",
  "minicraft.skin.paul_cape": "Paul avec cape",
  "minicraft.skin.minecraft_steve": "Garçon familier",
  "minicraft.skin.minecraft_alex": "Fille familière",
  "minicraft.notification.invalid_placement": "Ne peut être placé que sur",
  "minicraft.notification.dig_hole": "Creusez d'abord un trou!"
}
