{
  "minicraft.achievement.woodcutter": "Favágó",
  "minicraft.achievement.woodcutter.desc": "Szerezd meg a fát",
  "minicraft.achievement.benchmarking": "Ideje munkához látni!",
  "minicraft.achievement.benchmarking.desc": "Készítsen egy munkapadot.",
  "minicraft.achievement.upgrade": "Frissítés!",
  "minicraft.achievement.upgrade.desc": "Készítsen bármilyen kőszerszámot.",
  "minicraft.achievement.bow": "Hajoljatok meg előttem!",
  "minicraft.achievement.bow.desc": "Lőj ki egy nyilat egy íjjal.",
  "minicraft.achievement.fish": "Menjetek horgászni!",
  "minicraft.achievement.fish.desc": "Szerezz egy halat",
  "minicraft.achievement.doors": "Adooring védelem",
  "minicraft.achievement.doors.desc": "Készítsen egy faajtót.",
  "minicraft.achievement.planks": "Sétálj a deszkákon!",
  "minicraft.achievement.planks.desc": "Fadeszkák készítése.",
  "minicraft.achievement.clothes": "Legyen színes a napod!",
  "minicraft.achievement.clothes.desc": "Készíts bármilyen színű ruhát",
  "minicraft.achievement.demolition": "Dinamitát",
  "minicraft.achievement.demolition.desc": "Használj Dinamitát.",
  "minicraft.achievement.survive_darkness": "Félsz a sötétségtől?",
  "minicraft.achievement.survive_darkness.desc": "Túlélni 5 percet teljes sötétségben.",
  "minicraft.achievement.lava": "Forró ügyek",
  "minicraft.achievement.lava.desc": "Használj lávaitalt a lávában való úszáshoz",
  "minicraft.achievement.find_gem": "Oooh Shiny!",
  "minicraft.achievement.find_gem.desc": "Találd meg a Gem Ore-t és bányászd ki.",
  "minicraft.achievement.lowest_caves": "Sötétség a fény mögött",
  "minicraft.achievement.lowest_caves.desc": "Elérni a legalacsonyabb barlangokat.",
  "minicraft.achievement.obsidian_dungeon": "Of Knights and Men",
  "minicraft.achievement.obsidian_dungeon.desc": "Érje el az obszidiánbörtönt.",
  "minicraft.achievement.airwizard": "Győzd le... a levegőt?",
  "minicraft.achievement.airwizard.desc": "Győzd le az első légvarázslót!",
  "minicraft.achievement.skin": "Divatbemutató",
  "minicraft.achievement.skin.desc": "Változtassa meg a bőrét.",
  "minicraft.display.achievement": "Eredmények",
  "minicraft.display.achievement.achieved": "Elérve!",
  "minicraft.display.achievement.not_achieved": "Nem teljesült",
  "minicraft.display.achievement.score": "Teljesítmény pontszám:",
  "minicraft.notification.achievement_unlocked": "Elérés feloldva:",
  "Entities": "Jogalanyok",
  "Air Wizard: Defeated!": "Megölted a levegővarázslót!",
  "The Dungeon is now open!": "A Dungeon ki van nyitva!",
  "A costume lies on the ground...": "Egy jelmez van a földön...",
  "Can't sleep!": "Nem tudsz aludni!",
  "Min ": "Perc ",
  " Sec left!": " Másodperc van hátra!",
  "You hear a noise from the surface!": "Hallasz egy zajot felülről...",
  "Death Chest": "Halálláda",
  "Player": "Játékos",
  "Crafting": "Barkácsolás",
  "Set your home!": "Megjelölted az otthonodat!",
  "Can't set home here!": "Nem tudsz otthont jelölni itt!",
  "Home Sweet Home!": "Otthon, édes otthon!",
  "Mode penalty: -2 health": "Mód büntetés: -2 élet",
  "You don't have a home!": "Nincs otthonod!",
  "You can't go home from here!": "Nem tudsz innen haza menni!",
  "Leather Armor": "Bőrpáncél",
  "Snake Armor": "Kígyópáncél",
  "Iron Armor": "Vaspáncél",
  "Gold Armor": "Aranypáncél",
  "Gem Armor": "Kristálypáncél",
  "Book": "Könyv",
  "Antidious": "Antidious",
  "Empty Bucket": "Üres vödör",
  "Water Bucket": "Vizesvödör",
  "Lava Bucket": "Lávásvödör",
  " Bucket": " Vödör",
  "Red Clothes": "Piros ruha",
  "Blue Clothes": "Kék ruha",
  "Green Clothes": "Zöld ruha",
  "Yellow Clothes": "Sárga ruha",
  "Black Clothes": "Fekete ruha",
  "Orange Clothes": "Narancssárga ruha",
  "Purple Clothes": "Lila ruha",
  "Cyan Clothes": "Cián ruha",
  "Reg Clothes": "Reg ruha",
  "Bread": "Kenyér",
  "Apple": "Alma",
  "Raw Pork": "Nyers disznóhús",
  "Raw Fish": "Nyers hal",
  "Raw Beef": "Nyers marhahús",
  "Pork Chop": "Sült disznóhús",
  "Cooked Fish": "Sült hal",
  "Cooked Pork": "Sült marhahús",
  "Steak": "Steak",
  "Gold Apple": "Aranyalma",
  "Baked Potato": "Sült burgonya",
  "Cow Spawner": "Tehén idéző",
  "Pig Spawner": "Malac idéző",
  "Sheep Spawner": "Bárány idéző",
  "Slime Spawner": "Nyálka idéző",
  "Zombie Spawner": "Zombi idéző",
  "Creeper Spawner": "Creeper idéző",
  "Skeleton Spawner": "Csontváz idéző",
  "Snake Spawner": "Kígyó idéző",
  "Knight Spawner": "Lovag idéző",
  "AirWizard Spawner": "Levegővarázsló idéző",
  "Workbench": "Barkácsaztal",
  "Oven": "Sütő",
  "Furnace": "Kemence",
  "Anvil": "Üllő",
  "Enchanter": "Varázsoló",
  "Loom": "Szövőszék",
  "Lantern": "Lámpa",
  "Iron Lantern": "Vaslámpa",
  "Gold Lantern": "Aranylámpa",
  "Tnt": "TNT",
  "Bed": "Ágy",
  "Chest": "Láda",
  "None Potion": "Haszontalan bájital",
  "Speed Potion": "Gyorsaság bájital",
  "Light Potion": "Fény bájital",
  "Swim Potion": "Úszás bájital",
  "Energy Potion": "Energia bájital",
  "Regen Potion": "Regenálódás bájital",
  "Health Potion": "Élet bájital",
  "Time Potion": "Idő bájital",
  "Lava Potion": "Tűz bájital",
  "Shield Potion": "Pajzs bájital",
  "Haste Potion": "Sietség bájital",
  "Escape Potion": "Kijutás bájital",
  "Potion": "Bájital",
  "Power Glove": "Érőkesztyű",
  "Wood": "Fa",
  "Stone": "Kő",
  "Leather": "Bőr",
  "Wheat": "Búza",
  "Key": "Kulcs",
  "arrow": "Nyíl",
  "string": "Fonál",
  "Coal": "Szén",
  "Iron Ore": "Vasérc",
  "Lapis": "Lazurit",
  "Gold Ore": "Aranyérc",
  "Iron": "Vas",
  "Gold": "Arany",
  "Rose": "Rózsa",
  "GunPowder": "Puskapor",
  "Slime": "Nyálka",
  "glass": "Üveg",
  "cloth": "Szövet",
  "gem": "Kristály",
  "Scale": "Pikkely",
  "Shard": "Szilánk",
  "Flower": "Virág",
  "Acorn": "Makk",
  "Dirt": "Föld",
  "Natural Rock": "természetes kőzet",
  "Plank": "Deszka",
  "Plank Wall": "Deszkafal",
  "Wood Door": "Faajtó",
  "Stone Brick": "Kőtégla",
  "Ornate Stone": "Díszes kő",
  "Stone Wall": "Kőfal",
  "Stone Door": "Kő ajtó",
  "Obsidian Brick": "Obszidián tégla",
  "Ornate Obsidian": "Díszes obszidián",
  "Obsidian Wall": "Obszidián fal",
  "Obsidian Door": "Oszidián ajtó",
  "Wool": "Gyapjú",
  "Red Wool": "Piros gyapjú",
  "Blue Wool": "Kék gyapjú",
  "Green Wool": "Zöld gyapjú",
  "Yellow Wool": "Sárga gyapjú",
  "Black Wool": "Fekete gyapjú",
  "Sand": "Homok",
  "Cactus": "Kaktusz",
  "Seeds": "Vetőmag",
  "Wheat Seeds": "Búza vetőmagok",
  "Grass Seeds": "Fűmag",
  "Bone": "Csont",
  "Cloud": "Felhő",
  "Rock": "kő",
  "Gem": "Kristály",
  "Potato": "Burgonya",
  "Wood Fishing Rod": "Fa horgászbot",
  "Iron Fishing Rod": "Vas horgászbot",
  "Gold Fishing Rod": "Arany horgászbot",
  "Gem Fishing Rod": "Kristály horgászbot",
  "Shovel": "Ásó",
  "Hoe": "Kapa",
  "Sword": "Kard",
  "Pickaxe": "Csákány",
  "Axe": "Balta",
  "Bow": "Íj",
  "Claymore": "Nagykard",
  "Shears": "olló",
  "Torch": "Fáklya",
  "Gem Ore": "Kristályérc",
  "Wood Planks": "Fadeszka",
  "Stone Bricks": "Kőtégla",
  "Obsidian": "Obszidián",
  "Wood Wall": "Fafal",
  "Grass": "Fű",
  "Hole": "Lyuk",
  "Stairs Up": "Felfelé vezető lépcső",
  "Stairs Down": "Lefelé vezető lépcső",
  "Water": "Víz",
  "Tree": "Fa",
  "Tree Sapling": "Facsemete",
  "Cactus Sapling": "Kaktuszcsemete",
  "Lava": "Láva",
  "Lava Brick": "Lávatégla",
  "Explode": "Felrobban",
  "Farmland": "Termőföld",
  "Hard Rock": "Nehéz kő",
  "Infinite Fall": "Végtelen esés",
  "Cloud Cactus": "Felhőkaktusz",
  "Ore": "Érc",
  "host not found": "gazda nem található",
  "unable to get localhost address": "nem lehet localhost címjét megkapni",
  "World Saved!": "A világ megmenekült!",
  "On": "Be",
  "Off": "Ki",
  "There is nothing of use here.": "Itt nincs semmi hasznos.",
  "Still nothing... :P": "Még mindig semmi... :)",
  "Have:": "Van:",
  "Cost:": "Ár:",
  "Time: ": "Idő: ",
  "Score: ": "Pont: ",
  "Quit": "Kilépés",
  "Respawn": "Újraéledés",
  "You died! Aww!": "Meghaltál%",
  "Player Score: ": "Pontok: ",
  "<Bonuses>": "<Bónuszok>",
  "Final Score: ": "Utolsó pont: ",
  "Exit to Menu": "Kilépés a menűre",
  "Time Played: ": "Játékidő: ",
  "Current Score: ": "Jelenlegi pont: ",
  "Exit": "Kilépés",
  "Player Stats": "Statisztikák",
  "Controls": "Irányítások",
  "Press the desired": "Nyomd meg egy",
  "key sequence": "billentyűkombinációt",
  "minicraft.display.key_input.confirm_popup": "Akarod az öszzes irányítást az alapra újrakezdeni?",
  "minicraft.display.popup.enter_confirm": "Enter ha jó",
  "minicraft.display.popup.escape_cancel": "Escape a visszamenéshez",
  "Confirm Action": "Akció végzése",
  "Press C/Enter to change key binding": "Nyomd meg a C-t/Entert hogy a billentyűt változtasd",
  "Press A to add key binding": "A-val billentyt adsz hozzá",
  "Shift-D to reset all keys to default": "Shift-D-vel alapra állítod a billentyűket",
  "ESCAPE to Return to menu": "Escape-pel visszamész a menűre",
  "Loading": "Világ",
  "Generating": "Generálás",
  "World": "Betöltése",
  "waiting...": "várakozás...",
  "nothing": "semmi",
  "attempting log in": "bejelentkezés probálkozás",
  "no internet connection, but no login data saved; cannot enter offline mode.": "nincs internet, és nincs bejelentkezési adat mentve; nem lehet offline módra lépni.",
  "connecting to server": "csatlakozás a szerverre",
  "logging in": "bejelentkezés",
  "saving credentials": "bejelentkezésadat mentése",
  "login failed.": "bejelentkezés hibásul készült el.",
  "problem with saved login data; please exit and login again.": "probléma a mentett adattal: lépj ki és jelentkezz be újra.",
  "Internal server error: Couldn't fetch username from uuid": "Belső szerverhiba: Nem lehetett felhasználónevet kapni uuid-től",
  "logged in as: ": "ezként bejelentkezve: ",
  "offline mode: local servers only": "offline mód: csak közeli server",
  "Enter ip address to connect to:": "Írj be egy IP-t hogy csatlakozz:",
  "Press Shift-Escape to logout": "Nyomd meg a Shift+Escape-t hogy jelentkezz ki",
  "Enter email:": "Írd be az emailedet:",
  "Enter password:": "Írd be a jelszavadat:",
  "field is blank": "szövegdoboz üres",
  "get an account at:": "itt szerezz fiókot:",
  "Loading ": "Betöltés ",
  " from server": " a szerverről",
  "Could not connect to server:": "Nem lehetett szerverhez csatlakozni:",
  "Press ": "Nyomd ezd: ",
  " to return": " hogy menj vissza",
  "Change Key Bindings": "Billentyűk változtatása",
  "Options": "Beállítások",
  "Change language": "Nyelv változtatása",
  "Return to Game": "Folytatás",
  "Make World Multiplayer": "Világ többjátékossá készítése",
  "Save Game": "Mentés",
  " and ": " és ",
  " to Scroll": " hogy görgess",
  ": Choose": ": Válassz",
  "Paused": "Szünet",
  "Main Menu": "Menű",
  "Yes": "Igen",
  "No": "Nem",
  "Inventory": "Leltár",
  "to search.": "keresni.",
  "Play": "Indítás",
  "Load World": "Világ betöltése",
  "New World": "Új világ",
  "Multiplayer": "Többjátékos",
  "Singleplayer": "Egyjátékos",
  "Help": "Segítség",
  "Instructions": "Játékleírás",
  "Storyline Guide (for the weak)": "Játéksztori",
  "About": "Névjegy",
  "Credits": "Hitelek",
  " to select": " hogy válassz",
  " to accept": " ha jó",
  "New World Name:": "Új világnév:",
  "Are you sure you want to delete": "Akarod törölni",
  "This can not be undone!": "Ézt nem lehet visszatenni!",
  " to confirm": " ha jó",
  " to cancel": " hogy menj vissza",
  "World Seed": "Világmag",
  "Enter World Name": "Világ neve",
  "Trouble with world name?": "Nehezen tudsz tudsz nevet adni?",
  "by default, w and s move the cursor up and down. This can be changed in the key binding menu. To type the letter instead of moving the cursor, hold the shift key while typing the world name.": "Alapból, a W és S a választásot mozgatja. Ez a billentyűmenűben válzoztatható. Hogy a betűt írd és ne mozgasz a választásot, tartsd le a Shift billentyűt míg írsz.",
  "Create World": "Világ létrehozása",
  "World Gen Options": "Generálásbeállítások",
  " to Copy": " a Másolás",
  " to Rename": " a Átnevezés",
  " to Delete": " a Törlés",
  "Select World": "Világválasztás",
  "Select a World to Delete": "Törlendő világ kiválasztása",
  "Select a World to Rename": "Válasszon ki egy világot az átnevezéshez",
  "Select a World to Copy": "Másolandó világ kiválasztása",
  "Higher version, cannot load world!": "Magasabb verzió, nem lehet betölteni a világot!",
  "World Version:": "Világverzió:",
  "Languages": "Nyelvek",
  "Language": "Nyelv",
  "Select": "Választás",
  "Max FPS": "Maximum képkockasebesség",
  "Difficulty": "Nehézség",
  "Easy": "Könnyű",
  "Normal": "Normális",
  "Hard": "Nehés",
  "Game Mode": "Játékmód",
  "Survival": "Túlélő",
  "Creative": "Kreatív",
  "Hardcore": "Hardcore",
  "Score": "Pont",
  "Time (Score Mode)": "Idő ellen (Pont mód)",
  "Sound": "Hang",
  "Autosave": "Automatikus mentés",
  "World Size": "Világméret",
  "World Theme": "Világtéma",
  "Forest": "Erdő",
  "Desert": "Sivatag",
  "Plain": "Sima",
  "Hell": "Pokol",
  "Terrain Type": "Domborzatféle",
  "Island": "Sziget",
  "Box": "Doboz",
  "Mountain": "Hegy",
  "Irregular": "Szabálytalan",
  "Wear Suit": "Ruha viselése",
  "You have the latest version.": "Önnek a legújabb verziója van.",
  "minicraft.display.skin": "Skins",
  "minicraft.skin.paul": "Paul",
  "minicraft.skin.paul_cape": "Paul with cape",
  "minicraft.skin.minecraft_steve": "Familiar boy",
  "minicraft.skin.minecraft_alex": "Familiar girl",
  "minicraft.notification.invalid_placement": "Csak a következőkre helyezhető el",
  "minicraft.notification.dig_hole": "Először áss egy gödröt!"
}
