{
  "minicraft.achievement.woodcutter": "Penebang",
  "minicraft.achievement.woodcutter.desc": "Dapatkan kayu.",
  "minicraft.achievement.benchmarking": "Bekerja!",
  "minicraft.achievement.benchmarking.desc": "Membuat meja kerja.",
  "minicraft.achievement.upgrade": "Meningkatkan!",
  "minicraft.achievement.upgrade.desc": "Buat alat Batu apa saja.",
  "minicraft.achievement.bow": "Tunduk padaku!",
  "minicraft.achievement.bow.desc": "Menembak anak panah dengan busur.",
  "minicraft.achievement.fish": "Pergi Ikan!",
  "minicraft.achievement.fish.desc": "Memancing Ikan!",
  "minicraft.achievement.doors": "Perlindungan Pintu",
  "minicraft.achievement.doors.desc": "Buat pintu kayu.",
  "minicraft.achievement.planks": "Berjalan di Papan!",
  "minicraft.achievement.planks.desc": "Kerajinan papan kayu.",
  "minicraft.achievement.clothes": "Semoga harimu penuh warna!",
  "minicraft.achievement.clothes.desc": "Buat warna pakaian apa saja",
  "minicraft.achievement.demolition": "Pembongkaran",
  "minicraft.achievement.demolition.desc": "Gunakan TNT.",
  "minicraft.achievement.survive_darkness": "Takut kegelapan?",
  "minicraft.achievement.survive_darkness.desc": "Bertahan 5 menit dalam kegelapan total.",
  "minicraft.achievement.lava": "Urusan Panas",
  "minicraft.achievement.lava.desc": "Gunakan ramuan lava untuk berenang di lava.",
  "minicraft.achievement.find_gem": "Ooh Mengkilap!",
  "minicraft.achievement.find_gem.desc": "Temukan Bijih Permata dan menambangnya.",
  "minicraft.achievement.lowest_caves": "Kegelapan di balik cahaya",
  "minicraft.achievement.lowest_caves.desc": "Mencapai gua terendah.",
  "minicraft.achievement.obsidian_dungeon": "Ksatria dan Pria",
  "minicraft.achievement.obsidian_dungeon.desc": "Mencapai ruang bawah tanah obsidian.",
  "minicraft.achievement.airwizard": "Mengalahkan... udara?",
  "minicraft.achievement.airwizard.desc": "Kalahkan penyihir Udara pertama",
  "minicraft.achievement.skin": "Peragaan busana",
  "minicraft.achievement.skin.desc": "Ubah kulit Anda.",
  "minicraft.display.achievement": "Prestasi",
  "minicraft.display.achievement.achieved": "Tercapai!",
  "minicraft.display.achievement.not_achieved": "Tidak tercapai",
  "minicraft.display.achievement.score": "Skor Prestasi:",
  "minicraft.notification.achievement_unlocked": "Prestasi tidak terkunci:",
  "Entities": "Entitas",
  "Air Wizard: Defeated!": "Penyihir Udara: Dikalahkan!",
  "The Dungeon is now open!": "Penjara Bawah Tanah terbuka!",
  "A costume lies on the ground...": "Sebuah kostum tergeletak di tanah...",
  "Can't sleep!": "Tidak bisa tidur!",
  "Min ": "Min ",
  " Sec left!": " Detik lagi!",
  "You hear a noise from the surface!": "Anda mendengar suara dari permukaan!",
  "Death Chest": "Peti Mati",
  "Player": "Pemain",
  "Crafting": "Kerajinan",
  "Set your home!": "Tetapkan rumah Anda!",
  "Can't set home here!": "Tidak dapat mengatur rumah di sini!",
  "Home Sweet Home!": "Rumahku Surgaku!",
  "Mode penalty: -2 health": "Penalti mode: -2 darah",
  "You don't have a home!": "Anda tidak punya rumah!",
  "You can't go home from here!": "Anda tidak bisa pulang dari sini!",
  "Leather Armor": "Armor Kulit",
  "Snake Armor": "Armor Ular",
  "Iron Armor": "Armor Besi",
  "Gold Armor": "Armor Emas",
  "Gem Armor": "Armor Gem",
  "Book": "Buku",
  "Antidious": "Antidious",
  "Empty Bucket": "Ember Kosong",
  "Water Bucket": "Ember Air",
  "Lava Bucket": "Ember Lava",
  " Bucket": " Ember",
  "Red Clothes": "Pakaian Merah",
  "Blue Clothes": "Pakaian Biru",
  "Green Clothes": "Pakaian Ijo",
  "Yellow Clothes": "Pakaian Kuning",
  "Black Clothes": "Pakaian Item",
  "Orange Clothes": "Pakaian Oranye",
  "Purple Clothes": "Pakaian Ungu",
  "Cyan Clothes": "Pakaian Cyan",
  "Reg Clothes": "Pakaian Reg",
  "Bread": "Roti",
  "Apple": "Apel",
  "Raw Pork": "Babi Mentah",
  "Raw Fish": "Ikan Mentah",
  "Raw Beef": "Daging Mentah",
  "Pork Chop": "Daging Babi",
  "Cooked Fish": "Ikan Matang",
  "Cooked Pork": "Daging Babi Matang",
  "Steak": "Daging Panggang",
  "Gold Apple": "Apel Emas",
  "Baked Potato": "Kentang Panggang",
  "Cow Spawner": "Pemijahan Sapi",
  "Pig Spawner": "Pemijahan Babi",
  "Sheep Spawner": "Pemijahan Kambing",
  "Slime Spawner": "Pemijahan Slime",
  "Zombie Spawner": "Pemijahan Zombie",
  "Creeper Spawner": "Pemijahan Creeper",
  "Skeleton Spawner": "Pemijahan Skeleton",
  "Snake Spawner": "Pemijahan Ular",
  "Knight Spawner": "Pemijahan Kesatria",
  "AirWizard Spawner": "Pemijahan PenyihirUdara",
  "Workbench": "Meja Kerja",
  "Oven": "Oven",
  "Furnace": "Perapian",
  "Anvil": "Landasan",
  "Enchanter": "Enchanter",
  "Loom": "Mesin Tenun",
  "Lantern": "Lentera",
  "Iron Lantern": "Lentera Besi",
  "Gold Lantern": "Lentera Emas",
  "Tnt": "Tnt",
  "Bed": "Tempat tidur",
  "Chest": "Peti",
  "None Potion": "Ramuan Kosong",
  "Speed Potion": "Ramuan Kecepatan",
  "Light Potion": "Ramuan Ringan",
  "Swim Potion": "Ramuan Berenang",
  "Energy Potion": "Ramuan Energi",
  "Regen Potion": "Ramuan Regen",
  "Health Potion": "Ramuan Darah",
  "Time Potion": "Ramuan Waktu",
  "Lava Potion": "Ramuan Lava",
  "Shield Potion": "Ramuan Perisai",
  "Haste Potion": "Ramuan Tergesa-gesa",
  "Escape Potion": "Ramuan Melarikan Diri",
  "Potion": "Ramuan",
  "Power Glove": "Sarung Kekuatan",
  "Wood": "Kayu",
  "Stone": "Batu",
  "Leather": "Kulit",
  "Wheat": "Gandum",
  "Key": "Kunci",
  "arrow": "anak panah",
  "string": "benang",
  "Coal": "Batu Bara",
  "Iron Ore": "Bijih Besi",
  "Lapis": "Lapis",
  "Gold Ore": "Bijih Emas",
  "Iron": "Besi",
  "Gold": "Emas",
  "Rose": "Bunga Mawar",
  "GunPowder": "Bubuk Mesiu",
  "Slime": "lendir",
  "glass": "kaca",
  "cloth": "kain",
  "gem": "gem",
  "Scale": "Skala",
  "Shard": "Beling",
  "Flower": "Bunga",
  "Acorn": "Biji Pohon",
  "Dirt": "Tanah",
  "Natural Rock": "Batu Alam",
  "Plank": "Papan",
  "Plank Wall": "Dinding Papan",
  "Wood Door": "Pintu Kayu",
  "Stone Brick": "Batu Bata",
  "Ornate Stone": "Batu Hiasan",
  "Stone Wall": "Dinding Batu",
  "Stone Door": "Pintu Batu",
  "Obsidian Brick": "Bata Obsidian",
  "Ornate Obsidian": "Obsidian hiasan",
  "Obsidian Wall": "Dinding Obsidian",
  "Obsidian Door": "Pintu Obsidian",
  "Wool": "Wol",
  "Red Wool": "Wol",
  "Blue Wool": "Wol Biru",
  "Green Wool": "Wol Ijo",
  "Yellow Wool": "Wol Kuning",
  "Black Wool": "Wol Item",
  "Sand": "Pasir",
  "Cactus": "Kaktus",
  "Seeds": "Biji",
  "Wheat Seeds": "Biji Gandum",
  "Grass Seeds": "Bibit Rumput",
  "Bone": "Tulang",
  "Cloud": "Awan",
  "Rock": "Batu",
  "Gem": "Gem",
  "Potato": "Kentang",
  "Wood Fishing Rod": "Pancing Kayu",
  "Iron Fishing Rod": "Pancing Besi",
  "Gold Fishing Rod": "Pancing Emas",
  "Gem Fishing Rod": "Pancing Gem",
  "Shovel": "Sekop",
  "Hoe": "Cankul",
  "Sword": "pedang",
  "Pickaxe": "Beliung",
  "Axe": "Kapak",
  "Bow": "Busur",
  "Claymore": "Claymore",
  "Shears": "Sepasang gunting",
  "Torch": "Obor",
  "Gem Ore": "Bijih Gem",
  "Wood Planks": "Papan Kayu",
  "Stone Bricks": "Batu Bata",
  "Obsidian": "Obsidian",
  "Wood Wall": "Dinding Kayu",
  "Grass": "Rumput",
  "Hole": "Lubang",
  "Stairs Up": "Tangga Naik",
  "Stairs Down": "Tangga Turun",
  "Water": "Air",
  "Tree": "Pohon",
  "Tree Sapling": "Pohon Muda",
  "Cactus Sapling": "Kaktus Muda",
  "Lava": "Lava",
  "Lava Brick": "Bata Lava",
  "Explode": "Meledak",
  "Farmland": "Tanah Pertanian",
  "Hard Rock": "Batu Keras",
  "Infinite Fall": "Jatuh Tak Terbatas",
  "Cloud Cactus": "Kaktus Awan",
  "Ore": "Bijih",
  "host not found": "host tidak ditemukan",
  "unable to get localhost address": "tidak bisa mendapatkan alamat localhost",
  "World Saved!": "Dunia Disimpan!",
  "On": "Aktif",
  "Off": "Nonaktif",
  "There is nothing of use here.": "Tidak ada yang bisa digunakan disini.",
  "Still nothing... :P": "Masih tidak ada... :V",
  "Have:": "Punya:",
  "Cost:": "Harga",
  "Time: ": "Waktu: ",
  "Score: ": "Skor: ",
  "Quit": "Quit",
  "Respawn": "Respawn",
  "You died! Aww!": "Anda mati! Aww!",
  "Player Score: ": "Skor Pemain: ",
  "<Bonuses>": "<Bonus-Bonus>",
  "Final Score: ": "Skor Terakhir: ",
  "Exit to Menu": "Keluar ke Menu",
  "Time Played: ": "Waktu Dimainkan: ",
  "Current Score: ": "Skor saat ini: ",
  "Exit": "Exit",
  "Player Stats": "Statistik Pemain",
  "Controls": "Kontrol",
  "Press the desired": "Tekan yang diinginkan",
  "key sequence": "urutan tombol",
  "minicraft.display.key_input.confirm_popup": "Apakah Anda yakin ingin mengatur ulang semua ikatan kunci ke kunci default?",
  "minicraft.display.popup.enter_confirm": "tekan enter untuk konfirmasi",
  "minicraft.display.popup.escape_cancel": "tekan escape untuk membatalkan",
  "Confirm Action": "Konfirmasi Tindakan",
  "Press C/Enter to change key binding": "Tekan C/Enter untuk mengubah ikatan tombol",
  "Press A to add key binding": "Tekan A untuk menambahkan pengikatan tombol",
  "Shift-D to reset all keys to default": "Shift-D untuk mengatur ulang semua tombol ke default",
  "ESCAPE to Return to menu": "Tekan ESCAPE untuk Kembali ke menu",
  "Loading": "Memuat",
  "Generating": "Membuat",
  "World": "Dunia",
  "waiting...": "menunggu...",
  "nothing": "tidak ada apa-apa",
  "attempting log in": "mencoba masuk",
  "no internet connection, but no login data saved; cannot enter offline mode.": "tidak ada koneksi internet, tetapi tidak ada data login yang disimpan; tidak dapat masuk ke mode offline.",
  "connecting to server": "menghubungkan ke server",
  "logging in": "masuk",
  "saving credentials": "menyimpan kredensial",
  "login failed.": "gagal masuk.",
  "problem with saved login data; please exit and login again.": "masalah dengan data login yang disimpan; silahkan keluar dan login kembali.",
  "Internal server error: Couldn't fetch username from uuid": "Kesalahan server internal: Tidak dapat mengambil nama pengguna dari uuid",
  "logged in as: ": "masuk sebagai:",
  "offline mode: local servers only": "mode offline: hanya server lokal",
  "Enter ip address to connect to:": "Masukkan alamat ip untuk terhubung ke:",
  "Press Shift-Escape to logout": "Tekan Shift-Escape untuk keluar",
  "Enter email:": "Masukan email:",
  "Enter password:": "Masukkan sandi:",
  "field is blank": "tidak ada isi",
  "get an account at:": "dapatkan akun di:",
  "Loading ": "Memuat ",
  " from server": " dari server",
  "Could not connect to server:": "Tidak bisa terhubung ke server:",
  "Press ": "tekan ",
  " to return": " mengembalikan",
  "Change Key Bindings": "Ubah Ikatan Tombol",
  "Options": "Opsi",
  "Change language": "Ganti bahasa",
  "Return to Game": "Kembali ke Permainan",
  "Make World Multiplayer": "Jadikan Multiplayer Dunia",
  "Save Game": "Simpan permainan",
  " and ": " dan ",
  " to Scroll": " untuk Menggulir",
  ": Choose": ": Memilih",
  "Paused": "Dijeda",
  "Main Menu": "Menu utama",
  "No": "Tidak",
  "Yes": "Ya",
  "Inventory": "Inventaris",
  "to search.": "untuk mencari.",
  "Play": "Bermain",
  "Load World": "Muat Dunia",
  "New World": "Dunia baru",
  "Multiplayer": "Bermain Bersama",
  "Singleplayer": "Bermain Sendiri",
  "Help": "Bantu",
  "Instructions": "Instruksi",
  "Storyline Guide": "Panduan alur cerita",
  "About": "Tentang",
  "Credits": "Kredit",
  " to select": " memilih",
  " to accept": " menerima",
  "New World Name:": "Nama Dunia Baru:",
  "Are you sure you want to delete": "Anda yakin ingin menghapus",
  "This can not be undone!": "Ini tidak dapat dibatalkan!",
  " to confirm": " untuk mengkonfirmasi",
  " to cancel": " untuk membatalkan",
  "World Seed": "Benih Dunia",
  "Enter World Name": "Masukkan Nama Dunia",
  "Trouble with world name?": "Masalah dengan nama dunia?",
  "by default, w and s move the cursor up and down. This can be changed in the key binding menu. To type the letter instead of moving the cursor, hold the shift key while typing the world name.": "secara default, w dan s memindahkan kursor ke atas dan ke bawah. Ini dapat diubah di menu pengikatan kunci. Untuk mengetik huruf alih-alih memindahkan kursor, tahan tombol shift saat mengetik nama dunia.",
  "Create World": "Buat Dunia",
  "World Gen Options": "Opsi Generasi Dunia",
  " to Copy": " untuk Menyalin",
  " to Rename": " untuk Mengganti Nama",
  " to Delete": " untuk Menghapus",
  "Select World": "Pilih Dunia",
  "Select a World to Delete": "Pilih Dunia untuk Dihapus",
  "Select a World to Rename": "Pilih Dunia untuk Diganti Nama",
  "Select a World to Copy": "Pilih Dunia untuk Disalin",
  "Higher version, cannot load world!": "Versi yang lebih tinggi, tidak dapat memuat dunia!",
  "World Version:": "Versi Dunia:",
  "Languages": "Bahasa-Bahasa",
  "Language": "Bahasa",
  "Select": "Pilih",
  "Max FPS": "FPS maks",
  "Difficulty": "Kesulitan",
  "Easy": "Mudah",
  "Normal": "Normal",
  "Hard": "Susah",
  "Game Mode": "Mode Permainan",
  "Survival": "Bertahan hidup",
  "Creative": "Kreatif",
  "Hardcore": "Hardcore",
  "Score": "Skor",
  "Time (Score Mode)": "Waktu (Mode Skor)",
  "Sound": "Suara",
  "Autosave": "Penyimpanan otomatis",
  "World Size": "Ukuran dunia",
  "World Theme": "Tema Dunia",
  "Forest": "hutan",
  "Desert": "Gurun",
  "Plain": "Polos",
  "Hell": "Neraka",
  "Terrain Type": "Tipe Terrain",
  "Island": "Pulau",
  "Box": "Kotak",
  "Mountain": "Gunung",
  "Irregular": "Tidak Teratur",
  "Wear Suit": "Pakai Jas",
  "You have the latest version.": "Anda memiliki versi terbaru.",
  "minicraft.display.skin": "Kulit",
  "minicraft.skin.paul": "Paul",
  "minicraft.skin.paul_cape": "Paul dengan jubah",
  "minicraft.skin.minecraft_steve": "Anak laki-laki yang akrab",
  "minicraft.skin.minecraft_alex": "Gadis yang akrab",
  "minicraft.notification.invalid_placement": "Hanya dapat ditempatkan pada",
  "minicraft.notification.dig_hole": "Gali lubang dulu!"
}
