{
  "minicraft.achievement.woodcutter": "Taglialegna",
  "minicraft.achievement.woodcutter.desc": "Prendi del legno.",
  "minicraft.achievement.benchmarking": "Ora del lavoro",
  "minicraft.achievement.benchmarking.desc": "Costruisci un banco da lavoro",
  "minicraft.achievement.upgrade": "Potenzia!",
  "minicraft.achievement.upgrade.desc": "Costruisci qualsiasi utensile di ferro.",
  "minicraft.achievement.bow": "Scocca la freccia verso di me!",
  "minicraft.achievement.bow.desc": "Scocca una freccia con un arco.",
  "minicraft.achievement.fish": "Pesca!",
  "minicraft.achievement.fish.desc": "Pesca un pesce!",
  "minicraft.achievement.doors": "Adooro la protezione",
  "minicraft.achievement.doors.desc": "Costruisci una porta di legno.",
  "minicraft.achievement.planks": "Cammina sulle asse!",
  "minicraft.achievement.planks.desc": "Costruisci delle assi di legno",
  "minicraft.achievement.clothes": "Che tu abbia una giornata colorata!",
  "minicraft.achievement.clothes.desc": "Costruisci un vestito di qualsiasi colore",
  "minicraft.achievement.demolition": "Demolizione Demo",
  "minicraft.achievement.demolition.desc": "Usa una TNT.",
  "minicraft.achievement.survive_darkness": "Hai paura del buio?",
  "minicraft.achievement.survive_darkness.desc": "Sopravvivi 5 minuti nel buio totale.",
  "minicraft.achievement.lava": "Affari bollenti",
  "minicraft.achievement.lava.desc": "Usa una pozione di resistenza alla lava per nuotare nella lava.",
  "minicraft.achievement.find_gem": "Oooh Splendente!",
  "minicraft.achievement.find_gem.desc": "Trova dell'oro grezzo e minalo.",
  "minicraft.achievement.lowest_caves": "Oscurità dietro la luce",
  "minicraft.achievement.lowest_caves.desc": "Raggiungi il livello più basso di caverne",
  "minicraft.achievement.obsidian_dungeon": "Di cavalieri e uomini",
  "minicraft.achievement.obsidian_dungeon.desc": "Raggiungi il dungeon di ossidiana.",
  "minicraft.achievement.airwizard": "Sconfiggi... l'aria?",
  "minicraft.achievement.airwizard.desc": "Sconfiggi il primo mago del vento",
  "minicraft.achievement.skin": "Sfilata di moda",
  "minicraft.achievement.skin.desc": "Cambia la tua skin.",
  "minicraft.display.achievement": "Achievements",
  "minicraft.display.achievement.achieved": "Completato!",
  "minicraft.display.achievement.not_achieved": "Non completato",
  "minicraft.display.achievement.score": "Punteggio degli achievement:",
  "minicraft.notification.achievement_unlocked": "Achivement unlocked:",
  "Entities": "Entitià",
  "Air Wizard: Defeated!": "Mago del Vento: Sconfitto!",
  "The Dungeon is now open!": "Ora il dungeon è aperto!",
  "A costume lies on the ground...": "Un costume e sul terreno...",
  "Can't sleep!": "Non puoi dormire!",
  "Min ": "Minuti ",
  " Sec left!": " Secondi mancanti!",
  "You hear a noise from the surface!": "Senti un rumore dalla superfice!",
  "Death Chest": "Cassa della morte",
  "Player": "Giocatore",
  "Crafting": "Fabbricazione",
  "Set your home!": "Piazza la tua casa!",
  "Can't set home here!": "Non puoi piazzare la tua casa qui!",
  "Home Sweet Home!": "Casa dolce casa!",
  "Mode penalty: -2 health": "Modalità penalità: -2 punti vita",
  "You don't have a home!": "Non hai una casa!",
  "You can't go home from here!": "Non puoi andare a casa da qui",
  "Leather Armor": "Armatura di pelle",
  "Snake Armor": "Armatura di serpenti",
  "Iron Armor": "Armatura di ferro",
  "Gold Armor": "Armatura d'oro",
  "Gem Armor": "Armatura di gemma",
  "Book": "Libro",
  "Antidious": "Antidoto",
  "Empty Bucket": "Secchio vuoto",
  "Water Bucket": "Secchio d'acqua",
  "Lava Bucket": "Secchio di lava",
  " Bucket": " Secchio",
  "Red Clothes": "Vestiti rossi",
  "Blue Clothes": "Vestiti blu",
  "Green Clothes": "Vestiti verdi",
  "Yellow Clothes": "Vestiti gialli",
  "Black Clothes": "Vestiti neri",
  "Orange Clothes": "Vestiti arancioni",
  "Purple Clothes": "Vestiti viola",
  "Cyan Clothes": "Vestiti ciano",
  "Reg Clothes": "Vestiti regolari",
  "Bread": "Pane",
  "Apple": "Mela",
  "Raw Pork": "Maiale crudo",
  "Raw Fish": "Pesce crudo",
  "Raw Beef": "Manzo crudo",
  "Pork Chop": "Carne di maiale cruda",
  "Cooked Fish": "Pesce cotto",
  "Cooked Pork": "Carne di maiale cotta",
  "Steak": "Bistecca",
  "Gold Apple": "Mela d'oro",
  "Baked Potato": "Patata cotta",
  "Cow Spawner": "Generatore di mucche",
  "Pig Spawner": "Generatore di maiali",
  "Sheep Spawner": "Generatore di pecore",
  "Slime Spawner": "Generatore di slime",
  "Zombie Spawner": "Generatore di zombie",
  "Creeper Spawner": "Generatore di creeper",
  "Skeleton Spawner": "Generatore di scheletri",
  "Snake Spawner": "Generatore di serpenti",
  "Knight Spawner": "Generatore di cavalieri",
  "AirWizard Spawner": "Generatore di mago del vento",
  "Workbench": "Banco da lavoro",
  "Oven": "Forno",
  "Furnace": "Fornace",
  "Anvil": "Incudine",
  "Enchanter": "Incantatore",
  "Loom": "Telaio",
  "Lantern": "Lanterna",
  "Iron Lantern": "Lanterna di ferro",
  "Gold Lantern": "Lanterna d'oro",
  "Tnt": "TNT",
  "Bed": "Letto",
  "Chest": "Cassa",
  "None Potion": "Pozione vuota",
  "Speed Potion": "Pozione di velocità",
  "Light Potion": "Pozione di luce",
  "Swim Potion": "Pozione di nuoto",
  "Energy Potion": "Pozione di energia",
  "Regen Potion": "Pozione di rigenerazione",
  "Health Potion": "Pozione di salute",
  "Time Potion": "Pozione del tempo",
  "Lava Potion": "Pozione di resistenza alla lava",
  "Shield Potion": "Pozione scudo",
  "Haste Potion": "Pozione di rapidità",
  "Escape Potion": "Pozione di fuga",
  "Potion": "Pozione",
  "Power Glove": "Guanto potente",
  "Wood": "Legno",
  "Stone": "Pietra",
  "Leather": "Pelle",
  "Wheat": "Grano",
  "Key": "Chiave",
  "arrow": "freccia",
  "string": "corda",
  "Coal": "Carbone",
  "Iron Ore": "Ferro grezzo",
  "Lapis": "Lapislazzuli",
  "Gold Ore": "Oro grezzo",
  "Iron": "Ferro",
  "Gold": "Oro",
  "Rose": "Rosa",
  "GunPowder": "Polvere da sparo",
  "Slime": "Slime",
  "glass": "vetro",
  "cloth": "stoffa",
  "gem": "gemma",
  "Scale": "Squama",
  "Shard": "Coccio",
  "Flower": "Fiore",
  "Acorn": "Ghianda",
  "Dirt": "Terra",
  "Natural Rock": "Roccia naturale",
  "Plank": "Assi",
  "Plank Wall": "Muro d'assi",
  "Wood Door": "Porta di legno",
  "Stone Brick": "Mattone di pietra",
  "Ornate Stone": "Pietra d'ornamento",
  "Stone Wall": "Muro di pietra",
  "Stone Door": "Porta di pietra",
  "Obsidian Brick": "Mattono d'ossidiana",
  "Ornate Obsidian": "Ornamento d'ossidiana",
  "Obsidian Wall": "Muro d'ossidiana",
  "Obsidian Door": "Porta d'ossidiana",
  "Wool": "Lana",
  "Red Wool": "Lana rossa",
  "Blue Wool": "Lana blu",
  "Green Wool": "Lana verde",
  "Yellow Wool": "Lana gialla",
  "Black Wool": "Lana nera",
  "Sand": "Sabbia",
  "Cactus": "Cactus",
  "Seeds": "Semi",
  "Wheat Seeds": "Semi di grano",
  "Grass Seeds": "Semi d'erba",
  "Bone": "Ossa",
  "Cloud": "Nuvola",
  "Rock": "Roccia",
  "Gem": "Gemma",
  "Potato": "Patata",
  "Wood Fishing Rod": "Canna da pesca di legno",
  "Iron Fishing Rod": "Canna da pesca di ferro",
  "Gold Fishing Rod": "Canna da pesca d'oro",
  "Gem Fishing Rod": "Canna da pesca di gemme",
  "Shovel": "Pala",
  "Hoe": "Zappa",
  "Sword": "Spada",
  "Pickaxe": "Piccone",
  "Axe": "Ascia",
  "Bow": "Arco",
  "Claymore": "Claymore",
  "Shears": "Cesoie",
  "Torch": "Torcia",
  "Gem Ore": "Gemma grezza",
  "Wood Planks": "Assi di legno",
  "Stone Bricks": "Mattoni di ferro",
  "Obsidian": "Ossidiana",
  "Wood Wall": "Muro di legno",
  "Grass": "Erba",
  "Hole": "Buco",
  "Stairs Up": "Scale in sù",
  "Stairs Down": "Scale in giù",
  "Water": "Acqua",
  "Tree": "Albero",
  "Tree Sapling": "Alberello",
  "Cactus Sapling": "Alberello di cactus",
  "Lava": "Lava",
  "Lava Brick": "Mattoni di lava",
  "Explode": "Esplodi",
  "Farmland": "Terreno da coltivare",
  "Hard Rock": "Terra dura",
  "Infinite Fall": "Caduta infinita",
  "Cloud Cactus": "Cactus di nuvole",
  "Ore": "grezzo",
  "host not found": "host non trovato",
  "unable to get localhost address": "impossibile ricevere l'indirizzo localhost",
  "World Saved!": "Mondo salvato!",
  "On": "On",
  "Off": "Off",
  "There is nothing of use here.": "Non c'è nulla da usare qui.",
  "Still nothing... :P": "Ancora niente... :P",
  "Have:": "Hai:",
  "Cost:": "Costo:",
  "Time: ": "Tempo: ",
  "Score: ": "Punteggio: ",
  "Quit": "Esci",
  "Respawn": "Respawn",
  "You died! Aww!": "Sei morto! Aww!",
  "Player Score: ": "Punteggo del giocatore: ",
  "<Bonuses>": "<Bonus>",
  "Final Score: ": "Punteggio finale: ",
  "Exit to Menu": "Esci al menù",
  "Time Played: ": "Tempo di gioco: ",
  "Current Score: ": "Punteggio attuale: ",
  "Exit": "Esci",
  "Player Stats": "Statistiche del giocatore:",
  "Controls": "Controlli",
  "Press the desired": "Premi la desiderata",
  "key sequence": "sequenza di tasti",
  "minicraft.display.key_input.confirm_popup": "Sei sicuro di voler ripristinare le sequenza di tasti a quelle predefinite?",
  "minicraft.display.popup.enter_confirm": "invio per confermare",
  "minicraft.display.popup.escape_cancel": "esc per annullare",
  "Confirm Action": "Conferma",
  "Press C/Enter to change key binding": "Premi C/Invio per cambiare il tasto",
  "Press A to add key binding": "Premi A per aggiungere una sequenza di tasti",
  "Shift-D to reset all keys to default": "Maiusc-D per ripristinare tutte le sequenze di tasti a quelle predefinite",
  "ESCAPE to Return to menu": "ESC per ritornare al menù",
  "Loading": "Caricamento",
  "Generating": "Generazione",
  "World": "Mondo",
  "waiting...": "attesa...",
  "nothing": "nulla",
  "attempting log in": "tentando di entrare",
  "no internet connection, but no login data saved; cannot enter offline mode.": "no connessione internet, ma niente dati di login, non puoi entrare la modalità offline.",
  "connecting to server": "connessione al server",
  "logging in": "entrando",
  "saving credentials": "salvando le credenziali",
  "login failed.": "Login fallito. F",
  "problem with saved login data; please exit and login again.": "problemi con il salvataggio dei dati di login, per favore esci e rientra.",
  "Internal server error: Couldn't fetch username from uuid": "Errore del server interno: non è possibile ricevere il nome utente dall'UUID",
  "logged in as: ": "entrato come: ",
  "offline mode: local servers only": "modalità offline: solo server interni",
  "Enter ip address to connect to:": "Inserisci l'indirizzo IP alla quale connettersi:",
  "Press Shift-Escape to logout": "Premi Maiusc-Esc per uscire dall'account",
  "Enter email:": "Inserisci email:",
  "Enter password:": "Inserisci la password:",
  "field is blank": "campo vuoto",
  "get an account at:": "fai un account a:",
  "Loading ": "Caricamento ",
  " from server": " dal server",
  "Could not connect to server:": "Impossibile connettersi al server:",
  "Press ": "Premi ",
  " to return": " per ritornare",
  "Change Key Bindings": "Cambia tasti",
  "Options": "Opzioni",
  "Change language": "Cambia linguaggio",
  "Return to Game": "Ritorna al gioco",
  "Make World Multiplayer": "Crea mondo multiplayer",
  "Save Game": "Salva gioco",
  " and ": " e ",
  " to Scroll": " per scendere",
  ": Choose": ": Scegli",
  "Paused": "Pausa",
  "Main Menu": "Menù",
  "Yes": "Si",
  "No": "No",
  "Inventory": "Inventaeio",
  "to search.": "per cercare.",
  "Play": "Gioca",
  "Load World": "Carica mondo",
  "New World": "Nuovo mondo",
  "Multiplayer": "Multiplayer",
  "Singleplayer": "Singlolo giocatore",
  "Help": "Aiuto",
  "Instructions": "Istruzioni",
  "Storyline Guide": "Guiida alla storia",
  "About": "Info",
  "Credits": "Crediti",
  " to select": " per selezionare",
  " to accept": " per accettare",
  "New World Name:": "Nome del nuovo mondo:",
  "Are you sure you want to delete": "Sei sicuro di voler eliminare",
  "This can not be undone!": "Questo non può essere fatto!",
  " to confirm": " per confermare",
  " to cancel": " per annullare",
  "World Seed": "Seme del mondo",
  "Enter World Name": "Inserisci nome del mondo",
  "Trouble with world name?": "Problemi col nome del mondo?",
  "by default, w and s move the cursor up and down. This can be changed in the key binding menu. To type the letter instead of moving the cursor, hold the shift key while typing the world name.": "secondo le impostazioni predefinite, w e s muovono il cursore su e giu'. Questo puo' essere cambiato nel menu dei tasti. Per scrivere la lettera invece di scorrere, tieni premuto shift mentre stai scrivendo.",
  "Create World": "Crea Mondo",
  "World Gen Options": "Opzioni di generazione del mondo",
  " to Copy": " per copiare",
  " to Rename": " per rinominare",
  " to Delete": " per eliminare",
  "Select World": "seleziona mondo",
  "Select a World to Delete": "seleziona un mondo da eliminare",
  "Select a World to Rename": "seleziona un mondo da rinominare",
  "Select a World to Copy": "Seleziona un mondo da copiare",
  "Higher version, cannot load world!": "Versione troppo nuova, il mondo non può essere caricato",
  "World Version:": "Versione del mondo:",
  "Languages": "Lingue",
  "Language": "Lingua",
  "Select": "Seleziona",
  "Max FPS": "FPS massimi",
  "Difficulty": "Difficoltà",
  "Easy": "Facile",
  "Normal": "Normale",
  "Hard": "Difficile",
  "Game Mode": "Modalità",
  "Survival": "Sopravvivenza",
  "Creative": "Creativa",
  "Hardcore": "Hardcore",
  "Score": "Punteggio",
  "Time (Score Mode)": "Tempo (Modalità punteggio)",
  "Sound": "Suono",
  "Autosave": "Autosalvataggi",
  "World Size": "Dimensione del mondo",
  "World Theme": "Tema del mondo",
  "Forest": "Foresta",
  "Desert": "Deserto",
  "Plain": "Piatto",
  "Hell": "Inferno",
  "Terrain Type": "Tipo di terreno",
  "Island": "Isola",
  "Box": "Scatola",
  "Mountain": "Montagna",
  "Irregular": "Irregolare",
  "Wear Suit": "Indossa vestito",
  "You have the latest version.": "Hai l'ultima versione.",
  "minicraft.display.skin": "Skin",
  "minicraft.skin.paul": "Paul",
  "minicraft.skin.paul_cape": "Paul col mantello",
  "minicraft.skin.minecraft_steve": "Ragazzo familiare",
  "minicraft.skin.minecraft_alex": "Ragazza familiare",
  "minicraft.notification.invalid_placement": "Può essere collocato solo su",
  "minicraft.notification.dig_hole": "Scavare una buca prima!"
}
