{
  "minicraft.achievement.woodcutter": "Woodcutter",
  "minicraft.achievement.woodcutter.desc": "Få tak i tre.",
  "minicraft.achievement.benchmarking": "Benchmarking",
  "minicraft.achievement.benchmarking.desc": "Lag en arbeidsbenk.",
  "minicraft.achievement.upgrade": "Upgrade!",
  "minicraft.achievement.upgrade.desc": "Få tak i et redskap med bedre materiell enn tre.",
  "minicraft.achievement.bow": "Bow down to me!",
  "minicraft.achievement.bow.desc": "Drep et monster med en bue.",
  "minicraft.achievement.fish": "Go Fish!",
  "minicraft.achievement.fish.desc": "Fisk opp en fisk.",
  "minicraft.achievement.doors": "Adooring Protection",
  "minicraft.achievement.doors.desc": "Plasser alle dørtyper",
  "minicraft.achievement.planks": "Walk the Planks!",
  "minicraft.achievement.planks.desc": "Plasser alle typer planke.",
  "minicraft.achievement.clothes": "Have a colourful day!",
  "minicraft.achievement.clothes.desc": "Lag alle mulige fargede klær.",
  "minicraft.achievement.demolition": "Demolition Demo",
  "minicraft.achievement.demolition.desc": "Bruk TNT.",
  "minicraft.achievement.survive_darkness": "Afraid of the Dark?",
  "minicraft.achievement.survive_darkness.desc": "Overlev 5 minutter i mørket.",
  "minicraft.achievement.lava": "Hot Affairs",
  "minicraft.achievement.lava.desc": "Bruk en lava potion for å svømme i lava.",
  "minicraft.achievement.find_gem": "Oooh Shiny!",
  "minicraft.achievement.find_gem.desc": "Finn juvelmalm og utgrav den.",
  "minicraft.achievement.lowest_caves": "Darkness behind light",
  "minicraft.achievement.lowest_caves.desc": "Nå de dypeste huler.",
  "minicraft.achievement.obsidian_dungeon": "Of Knights and Men",
  "minicraft.achievement.obsidian_dungeon.desc": "Nå obsidian fangehullet.",
  "minicraft.achievement.airwizard": "Defeat... the air?",
  "minicraft.achievement.airwizard.desc": "Beseire den første lufttrollmannen!",
  "minicraft.achievement.skin": "Fashion Show",
  "minicraft.achievement.skin.desc": "Endre utseendet ditt.",
  "minicraft.display.achievement": "Oppnåelser",
  "minicraft.display.achievement.achieved": "Oppnådd!",
  "minicraft.display.achievement.not_achieved": "Ikke oppnådd",
  "minicraft.display.achievement.score": "Oppnåelse score:",
  "minicraft.display.key_input.confirm_popup": "Er du sikker på at du vil resette alle tastene?",
  "minicraft.display.popup.enter_confirm": "enter for å bekrefte",
  "minicraft.display.popup.escape_cancel": "escape for åvbyte",
  "minicraft.display.skin": "Utseender",
  "minicraft.skin.paul": "Pål",
  "minicraft.skin.paul_cape": "Pål med kappe",
  "minicraft.skin.minecraft_steve": "Gjenkjennelig gutt",
  "minicraft.skin.minecraft_alex": "Gjenkjennelig jente",
  "minicraft.notification.invalid_placement": "Kan kun bli plassert på",
  "minicraft.notification.dig_hole": "Grav et hull først!",
  "minicraft.notification.achievement_unlocked": "Oppnåelse låst opp:",
  "You have the latest version.": "Du har den nyeste versjonen.",
  "Entities": "Enheter",
  "Air Wizard: Defeated!": "Luft Trollmann: Slått",
  "The Dungeon is now open!": "Fangehullet er nå åpent!",
  "A costume lies on the ground...": "Et kostyme ligger på bakken...",
  "Can't sleep!": "Kan ikke sove!",
  "Min ": "Minst ",
  " Sec left!": " sekunder igjen!",
  "You hear a noise from the surface!": "Du hører en lyd fra overflaten!",
  "Death Chest": "Døds Kiste",
  "Player": "Spiller",
  "Crafting": "Sløyd",
  "Set your home!": "Velg hjem!",
  "Can't set home here!": "Kan ikke sette hjem her!",
  "Home Sweet Home!": "Hjem kjære hjem!",
  "Mode penalty: -2 health": "Modus straff: -2 helse",
  "You don't have a home!": "Du har ikke et hjem!",
  "You can't go home from here!": "Du kan ikke gå hjem herfra!",
  "Leather Armor": "Lær rustning",
  "Snake Armor": "Slange rustning",
  "Iron Armor": "Jern rustning",
  "Gold Armor": "Gull rustning",
  "Gem Armor": "Juvel rustning",
  "Book": "Bok",
  "Antidious": "Antidious",
  "Empty Bucket": "Tom Bøtte",
  "Water Bucket": "Vann Bøtte",
  "Lava Bucket": "Lava Bøtte",
  " Bucket": " Bøtte",
  "Red Clothes": "Røde Klær",
  "Blue Clothes": "Blå Klær",
  "Green Clothes": "Grønne Klær",
  "Yellow Clothes": "Gule Klær",
  "Black Clothes": "Svarte Klær",
  "Orange Clothes": "Oransje Klær",
  "Purple Clothes": "Lilla Klær",
  "Cyan Clothes": "Cyan Klær",
  "Reg Clothes": "Vanlige Klær",
  "Bread": "Brød",
  "Apple": "Eple",
  "Raw Pork": "Rått svinekjøtt",
  "Raw Fish": "Rå fisk",
  "Raw Beef": "Rå biff",
  "Pork Chop": "Svinekjøtt",
  "Cooked Fish": "Kokt fisk",
  "Cooked Pork": "Stekt svinekjøtt",
  "Steak": "Biff",
  "Gold Apple": "Gull Eple",
  "Baked Potato": "Bakt Potet",
  "Cow Spawner": "Ku Spawner",
  "Pig Spawner": "Gris Spawner",
  "Sheep Spawner": "Sau Spawner",
  "Slime Spawner": "Slim Spawner",
  "Zombie Spawner": "Zombie Spawner",
  "Creeper Spawner": "Creeper Spawner",
  "Skeleton Spawner": "Skjelett Spawner",
  "Snake Spawner": "Slange Spawner",
  "Knight Spawner": "Ridder Spawner",
  "AirWizard Spawner": "LuftTrollmann Spawner",
  "Workbench": "Arbeidsbenk",
  "Oven": "Stekeovn",
  "Furnace": "Ovn",
  "Anvil": "Ambolt",
  "Enchanter": "Forhekser",
  "Loom": "Vevstol",
  "Lantern": "Lykt",
  "Iron Lantern": "Jern Lykt",
  "Gold Lantern": "Gull Lykt",
  "Tnt": "TNT",
  "Bed": "Seng",
  "Chest": "Kiste",
  "None Potion": "Ingen Trylledrikk",
  "Speed Potion": "Fart Trylledrikk",
  "Light Potion": "Lys Trylledrikk",
  "Swim Potion": "Svomme Trylledrikk",
  "Energy Potion": "Energi Trylledrikk",
  "Regen Potion": "Regen Trylledrikk",
  "Health Potion": "Helse Trylledrikk",
  "Time Potion": "Tid Trylledrikk",
  "Lava Potion": "Lava Trylledrikk",
  "Shield Potion": "Skjold Trylledrikk",
  "Haste Potion": "Hastighet Trylledrikk",
  "Escape Potion": "Forsvinnelses Trylledrikk",
  "Potion": "Trylledrikk",
  "Power Glove": "Kraft hanske",
  "Wood": "Tre",
  "Stone": "Stein",
  "Leather": "Lær",
  "Wheat": "Hvete",
  "Key": "Nøkkel",
  "arrow": "pil",
  "string": "tråd",
  "Coal": "Kull",
  "Iron Ore": "Jernmalm",
  "Gold Ore": "Gullmalm",
  "Gem Ore": "Juvel malm",
  "Cloud Ore": "Sky malm",
  "Iron": "Jern",
  "Gold": "Gull",
  "Lapis": "Lapis",
  "Rose": "Rose",
  "GunPowder": "Krutt",
  "Slime": "Slim",
  "glass": "glass",
  "cloth": "tøystykke",
  "gem": "juvel",
  "Scale": "skala",
  "Shard": "Fragment",
  "Flower": "Blomst",
  "Acorn": "Eikenøtt",
  "Dirt": "Jord",
  "Natural Rock": "Naturstein",
  "Plank": "Planke",
  "Plank Wall": "Planke Vegg",
  "Wood Door": "Tre dør",
  "Stone Brick": "Stein murstein",
  "Ornate Stone": "Dekorert Stone",
  "Stone Wall": "Stein vegg",
  "Stone Door": "Stein dør",
  "Obsidian Brick": "Lavastein murstein",
  "Ornate Obsidian": "Dekorert Obsidian",
  "Obsidian Wall": "Lavastein vegg",
  "Obsidian Door": "Lavastein dør",
  "Wool": "Ull",
  "Red Wool": "Rød Ull",
  "Blue Wool": "Blå Ull",
  "Green Wool": "Grønn Ull",
  "Yellow Wool": "Gul Ull",
  "Black Wool": "Svart Ull",
  "Sand": "Sand",
  "Cactus": "Kaktus",
  "Seeds": "frø",
  "Wheat Seeds": "Hvete Frø",
  "Grass Seeds": "Grass Frø",
  "Bone": "Bein",
  "Cloud": "Sky",
  "Rock": "Stein",
  "Gem": "Juvel",
  "Potato": "Potet",
  "Wood Fishing Rod": "Tre Fiskestang",
  "Iron Fishing Rod": "Jern Fiskestang",
  "Gold Fishing Rod": "Gull Fiskestang",
  "Gem Fishing Rod": "Juvel Fiskestang",
  "Shovel": "Spade",
  "Hoe": "Ljå",
  "Sword": "Sverd",
  "Pickaxe": "Hakke",
  "Axe": "Øks",
  "Bow": "Bue",
  "Claymore": "Claymore",
  "Shears": "Saks",
  "Torch": "Fakkel",
  "Wood Planks": "Treplanker",
  "Stone Bricks": "Stein murstein",
  "Obsidian": "Lavastein",
  "Wood Wall": "Tre vegg",
  "Grass": "Gress",
  "Hole": "Hull",
  "Stairs Up": "Trapp opp",
  "Stairs Down": "Trapp ned",
  "Water": "Vann",
  "Tree": "Tre",
  "Tree Sapling": "Tre Spire",
  "Cactus Sapling": "Kaktus Spire",
  "Lava": "Lava",
  "Lava Brick": "Lava Murstein",
  "Explode": "Eksploder",
  "Farmland": "Dyrket mark",
  "Hard Rock": "Hard Stein",
  "Infinite Fall": "Uendelig Fall",
  "Cloud Cactus": "Sky kaktus",
  "Raw Obsidian": "Rå obsidian",
  "Totem of Air": "Totem av luft",

  "host not found": "finner ikke verten",
  "unable to get localhost address": "kan ikke hente localhost adressen",
  "World Saved!": "Verden Lagret!",
  "On": "På",
  "Off": "Av",
  "Have:": "Har:",
  "Cost:": "Kostnad:",
  "Time: ": "Tid: ",
  "Score: ": "Poeng: ",
  "Quit": "Avslutt",
  "Respawn": "Gjennoppstå",
  "You died! Aww!": "Du døde! Aww!",
  "Player Score: ": "Spiller poeng: ",
  "<Bonuses>": "<Bonuser>",
  "Final Score: ": "Endelig poeng: ",
  "Exit to Menu": "Avslutt til menyen",
  "Time Played: ": "Tid Spillt: ",
  "Current Score: ": "Nåværende poeng: ",
  "Exit": "Gå ut",
  "Player Stats": "Spiller statistikk",
  "Controls": "Kontroller",
  "Press the desired": "Trykk ønsket",
  "key sequence": "tastesekvens",
  "Confirm Action": "Bekreft handling",
  "Press C/Enter to change key binding": "Trykk C/Enter for å endre tast",
  "Press A to add key binding": "Trykk A for å legge til tastebinding",
  "Shift-D to reset all keys to default": "Shift-D for å resette alle tastene",
  "ESCAPE to Return to menu": "ESC for å gå tilbake til menyen ",
  "Loading": "Laster",
  "Generating": "Genererer",
  "World": "Verden",
  "waiting...": "venter...",
  "nothing": "ingenting",
  "attempting log in": "forsøker å logge inn",
  "no internet connection, but no login data saved; cannot enter offline mode.": "ingen internett tilgang, og ingen login data lagret; kan ikke gå i offline modus.",
  "connecting to server": "kobler til serveren",
  "logging in": "logger inn",
  "saving credentials": "lagrer legitimasjon",
  "login failed.": "login mislyktes.",
  "problem with saved login data; please exit and login again.": "problemer med lagret login data; vennligst logg inn på nytt.",
  "Internal server error: Couldn't fetch username from uuid": "Intern server feil: Kunne ikke hente brukernavn fra uuid",
  "logged in as: ": "logget inn som: ",
  "offline mode: local servers only": "offline modus: bare lokale servere",
  "Enter ip address to connect to:": "Skriv inn ipadressen du vil koble til",
  "Press Shift-Escape to logout": "Trykk Shift-Escape for å logge ut",
  "Enter email:": "Skriv email:",
  "Enter password:": "Skriv passord:",
  "field is blank": "feltet er tomt",
  "get an account at:": "få en bruker på:",
  "Loading ": "Laster ",
  " from server": " fra server",
  "Could not connect to server:": "Kunne ikke koble til server:",
  "Press ": "Trykk ",
  " to return": " for å avbryte",
  "Change Key Bindings": "Endre tastene",
  "Options": "Innstilinger",
  "Change language": "Skift språk",
  "Return to Game": "Gå tilbake til spillet",
  "Make World Multiplayer": "Gjør verdenen til flerspiller",
  "Save Game": "Lagre spill",
  " and ": " og ",
  " to Scroll": " for å skrolle",
  ": Choose": ": Velg",
  "Paused": "Pauset",
  "Main Menu": "Hovedmeny",
  "Yes": "Ja",
  "No": "Nei",
  "Inventory": "Inventar",
  "to search.": "for å søke.",
  "Play": "Start spill",
  "Load World": "Last verden",
  "New World": "Ny verden",
  "Multiplayer": "Flerspiller",
  "Singleplayer": "Enspiller",
  "Help": "Hjelp",
  "Instructions": "Instruksjoner",
  "Storyline Guide": "Historie guide",
  "About": "Om spillet",
  "Credits": "Credits",
  " to select": " for å velge",
  " to accept": " for å akseptere",
  "New World Name:": "Nytt navn:",
  "Are you sure you want to delete": "Er du sikker på at du vil slette",
  "This can not be undone!": "Du kan ikke angre dette!",
  " to confirm": " for å bekrefte",
  " to cancel": " for å avbryte",
  "World Seed": "Verden frø",
  "Enter World Name": "Navn på verden",
  "Trouble with world name?": "Problemer med navnet?",
  "by default, w and s move the cursor up and down. This can be changed in the key binding menu. To type the letter instead of moving the cursor, hold the shift key while typing the world name.": "vanligvis brukes w og s til å flytte pekeren opp og ned. Dette kan du endre i key binding menyen. For å skrive i stedet for å flytte pekeren kan du holde inne shift knappen.",
  "Create World": "Lag verden",
  "World Gen Options": "Verden instillinger",
  " to Copy": " for å kopiere",
  " to Rename": " for å gi nytt navn",
  " to Delete": " for å slette",
  "Select World": "Velg verden",
  "Select a World to Delete": "Velg en verden til å Slette",
  "Select a World to Rename": "Velg en verden til å endre navn",
  "Select a World to Copy": "Velg en verden til å Kopiere",
  "Higher version, cannot load world!": "Høyere versjon, kan ikke laste verden!",
  "World Version:": "Verden Versjon:",
  "Languages": "Språkmeny",
  "Language": "Språk",
  "Select": "Velg",
  "Max FPS": "Maks FPS",
  "Difficulty": "Vanskelighetsgrad",
  "Easy": "Lett",
  "Normal": "Normal",
  "Hard": "Vanskelig",
  "Game Mode": "Spillmodus",
  "Survival": "Overlevelse",
  "Creative": "Kreativ",
  "Hardcore": "Hardcore",
  "Score": "Poeng",
  "Time (Score Mode)": "Tid (Poeng modus)",
  "Sound": "Lyd",
  "Autosave": "Autolagre",
  "World Size": "Verden størrelse",
  "World Theme": "Verden tema",
  "Forest": "Skog",
  "Desert": "Ørken",
  "Plain": "Slette",
  "Hell": "Helvete",
  "Terrain Type": "Terreng type",
  "Island": "Øy",
  "Box": "Boks",
  "Mountain": "Fjell",
  "Irregular": "Uregulær",
  "Wear Suit": "Ta på drakt"
}
