{
  "minicraft.achievement.woodcutter": "Lenhador",
  "minicraft.achievement.woodcutter.desc": "Obtenha madeira.",
  "minicraft.achievement.benchmarking": "Trabalhar!",
  "minicraft.achievement.benchmarking.desc": "Faça uma mesa de trabalho.",
  "minicraft.achievement.upgrade": "Melhoria!",
  "minicraft.achievement.upgrade.desc": "Crie qualquer ferramenta de pedra.",
  "minicraft.achievement.bow": "Curve-se a mim!",
  "minicraft.achievement.bow.desc": "Dispare uma flecha com um arco.",
  "minicraft.achievement.fish": "Vai pescar!",
  "minicraft.achievement.fish.desc": "Pesque um peixe!",
  "minicraft.achievement.doors": "Proteção Adorável",
  "minicraft.achievement.doors.desc": "Faça uma porta de madeira.",
  "minicraft.achievement.planks": "Ande nas pranchas!",
  "minicraft.achievement.planks.desc": "Faça pranchas de madeira.",
  "minicraft.achievement.clothes": "Tenha um dia colorido!",
  "minicraft.achievement.clothes.desc": "Crie qualquer cor de roupa",
  "minicraft.achievement.demolition": "Demonstração de demolição",
  "minicraft.achievement.demolition.desc": "Usa TNT.",
  "minicraft.achievement.survive_darkness": "Medo do escuro?",
  "minicraft.achievement.survive_darkness.desc": "Sobreviva 5 minutos na escuridão total.",
  "minicraft.achievement.lava": "Assuntos quentes",
  "minicraft.achievement.lava.desc": "Usa uma poção de lava para nadar na lava.",
  "minicraft.achievement.find_gem": "Oooh Brilhante!",
  "minicraft.achievement.find_gem.desc": "Encontra um minério de gema e minere-o.",
  "minicraft.achievement.lowest_caves": "Escuridão atrás da luz",
  "minicraft.achievement.lowest_caves.desc": "Alcance as cavernas mais baixas.",
  "minicraft.achievement.obsidian_dungeon": "De cavaleiros e homens",
  "minicraft.achievement.obsidian_dungeon.desc": "Alcance a masmorra de obsidiana.",
  "minicraft.achievement.airwizard": "Derrotar... o ar?",
  "minicraft.achievement.airwizard.desc": "Derrote o primeiro Mago dos ventos!",
  "minicraft.achievement.skin": "Desfile de moda",
  "minicraft.achievement.skin.desc": "Muda a tua skin",
  "minicraft.display.achievement": "Conquistas",
  "minicraft.display.achievement.achieved": "Alcançou!",
  "minicraft.display.achievement.not_achieved": "Não alcançado",
  "minicraft.display.achievement.score": "Pontuação da conquista:",
  "minicraft.notification.achievement_unlocked": "Conquista desbloqueada:",
  "Entities": "Entidades",
  "Air Wizard: Defeated!": "Mago dos ventos: Derrotado!",
  "The Dungeon is now open!": "A masmorra agora está aberta!",
  "A costume lies on the ground...": "Uma fantasia se encontra no chão...",
  "Can't sleep! ": "Impossível dormir no momento! ",
  "Min ": "Min ",
  " Sec left!": "Segundo restante!",
  "You hear a noise from the surface!": "Ouviste um som vindo da superfíce!",
  "Death Chest": "Baú da Morte",
  "Player": "Jogador",
  "Crafting": "Fabricação",
  "Set your home!": "Define a tua casa!",
  "Can't set home here!": "Não é possível definir uma casa aqui!",
  "Home Sweet Home!": "Lar Doce Lar!",
  "Mode penalty: -2 health": "Penalita': -2 pontos de vida",
  "You don't have a home!": "Não tens uma casa!",
  "You can't go home from here!": "Não podes voltar para a tua casa daqui!",
  "Leather Armor": "Armadura de Couro",
  "Snake Armor": "Armadura de Serpente",
  "Iron Armor": "Armadura de Ferro",
  "Gold Armor": "Armadura Dourada",
  "Gem Armor": "Armadura de Gema",
  "Book": "Livro",
  "Antidious": "Gibi",
  "Empty Bucket": "Balde vazio",
  "Water Bucket": "Balde com Água",
  "Lava Bucket": "Balde com Lava",
  " Bucket": " Balde",
  "Red Clothes": "Camisa Vermelha",
  "Blue Clothes": "Camisa Azul",
  "Green Clothes": "Camisa Verde",
  "Yellow Clothes": "Camisa Amarela",
  "Black Clothes": "Camisa Preta",
  "Orange Clothes": "Camisa Laranja",
  "Purple Clothes": "Camisa Roxa",
  "Cyan Clothes": "Camisa Ciana",
  "Reg Clothes": "Camisa Regular",
  "Bread": "Pão",
  "Apple": "Maçã",
  "Raw Pork": "Carne de Porco crua",
  "Raw Fish": "Peixe Cru",
  "Raw Beef": "Bife Cru",
  "Pork Chop": "Carne de Porco",
  "Cooked Fish": "Peixe Assado",
  "Cooked Pork": "Carne de Porco Assada",
  "Steak": "Bife Cozido",
  "Gold Apple": "Maçã Dourada",
  "Baked Potato": "Batata assada",
  "Cow Spawner": "Invocar Vaca",
  "Pig Spawner": "Invocar Porco",
  "Sheep Spawner": "Invocar Cabra",
  "Slime Spawner": "Invocar Gosma",
  "Zombie Spawner": "Invocar Zumbi",
  "Creeper Spawner": "Invocar Creeper",
  "Skeleton Spawner": "Invocar Esqueleto",
  "Snake Spawner": "Invocar Cobra",
  "Knight Spawner": "Invocar Cavaleiro",
  "AirWizard Spawner": "Invocar Mago dos Ventos",
  "Workbench": "Mesa de trabalho",
  "Oven": "Forno",
  "Furnace": "Fornalha",
  "Anvil": "Bigorna",
  "Enchanter": "Encantadora",
  "Loom": "Costureira",
  "Lantern": "Lamparina",
  "Iron Lantern": "Lamparina de Ferro",
  "Gold Lantern": "Lamparina de Ouro",
  "Tnt": "Dinamite",
  "Bed": "Cama",
  "Chest": "Baú",
  "None Potion": "Poção vazia",
  "Speed Potion": "Poção de Agilidade",
  "Light Potion": "Poção da Luz",
  "Swim Potion": "Poção da Natação",
  "Energy Potion": "Poção da Energia",
  "Regen Potion": "Poção de Regeneração",
  "Health Potion": "Poção da Vida",
  "Time Potion": "Poção do Tempo",
  "Lava Potion": "Poção da Lava",
  "Shield Potion": "Poção do Escudo",
  "Haste Potion": "Poção de Pressa",
  "Escape Potion": "Poção de Fuga",
  "Potion": "Poção",
  "Power Glove": "Luva do Poder",
  "Wood": "Madeira",
  "Stone": "Pedra",
  "Leather": "Couro",
  "Wheat": "Trigo",
  "Key": "Chave",
  "arrow": "Flecha",
  "string": "Linha",
  "Coal": "Carvão",
  "Iron Ore": "Minério de Ferro",
  "Lapis": "Lápis",
  "Gold Ore": "Minério de Ouro",
  "Iron": "Ferro",
  "Gold": "Ouro",
  "Rose": "Rosa",
  "GunPowder": "Pólvora",
  "Slime": "Gosma",
  "glass": "Vidro",
  "cloth": "Tecido",
  "gem": "Gema",
  "Scale": "Esquama",
  "Shard": "Fragmento",
  "Flower": "Flor",
  "Acorn": "Noz",
  "Dirt": "Terra",
  "Natural Rock": "Rocha Natural",
  "Plank": "Tábua",
  "Plank Wall": "Parede de Madeira",
  "Wood Door": "Porta de Madeira",
  "Stone Brick": "Tijolos de Pedra",
  "Ornate Stone": "Pedra Ornamentada",
  "Stone Wall": "Parede de Pedra",
  "Stone Door": "Porta de Pedra",
  "Obsidian Brick": "Tijolos de Obsidiana",
  "Ornate Obsidian": "Obsidiana ornamentada",
  "Obsidian Wall": "Parede de Obsidiana",
  "Obsidian Door": "Porta de Obsidiana",
  "Wool": "Lã",
  "Red Wool": "Lã Vermelha",
  "Blue Wool": "Lã Azul",
  "Green Wool": "Lã Verde",
  "Yellow Wool": "Lã Amarela",
  "Black Wool": "Lã Preta",
  "Sand": "Areia",
  "Cactus": "Cacto",
  "Seeds": "Sementes",
  "Wheat Seeds": "Sementes de Trigo",
  "Grass Seeds": "Sementes de Erva",
  "Bone": "Osso",
  "Cloud": "Nuvem",
  "Rock": "Pedra",
  "Gem": "Gema",
  "Potato": "Batata",
  "Wood Fishing Rod": "Vara de pescar de madeira",
  "Iron Fishing Rod": "Vara de pescar de ferro",
  "Gold Fishing Rod": "Vara de pescar de ouro",
  "Gem Fishing Rod": "Vara de pescar de gema",
  "Shovel": "Pá",
  "Hoe": "Enxada",
  "Sword": "Espada",
  "Pickaxe": "Picareta",
  "Axe": "Machado",
  "Bow": "Arco",
  "Claymore": "Espada Escocesa",
  "Shears": "Tesoura",
  "Torch": "Tocha",
  "Gem Ore": "Minério de gema",
  "Wood Planks": "Tábuas de Madeira",
  "Stone Bricks": "Tijolos de Pedra",
  "Obsidian": "Obsidiana",
  "Wood Wall": "Parede de Madeira",
  "Grass": "Grama",
  "Hole": "Buraco",
  "Stairs Up": "Escadas acima",
  "Stairs Down": "Escadas abaixo",
  "Water": "Água",
  "Tree": "Árvore",
  "Tree Sapling": "Muda de Árvore",
  "Cactus Sapling": "Semente de Cacto",
  "Lava": "Lava",
  "Lava Brick": "Tijolos de Lava",
  "Explode": "Explodir",
  "Farmland": "Terra Arrada",
  "Hard Rock": "Pedra Dura",
  "Infinite Fall": "Queda Infinita",
  "Cloud Cactus": "Nuvem de Cacto",
  "Ore": "Minério",
  "host not found": "host não foi encontrado",
  "unable to get localhost address": "não foi possível obter o endereço local",
  "World Saved!": "Mundo salvo!",
  "On": "Ativado",
  "Off": "Desativado",
  "There is nothing of use here.": "Não há nada de útil aqui.",
  "Still nothing... :P": "Ainda nada... :P",
  "Have:": "Tem:",
  "Cost:": "Custo:",
  "Time: ": "Tempo: ",
  "Score: ": "Pontuação: ",
  "Quit": "Sair",
  "Respawn": "Renascer",
  "You died! Aww!": "Morreste! Aww!",
  "Player Score: ": "Pontuação do jogador: ",
  "<Bonuses>": "<Bônus>",
  "Final Score: ": "Pontuação final: ",
  "Exit to Menu": "Voltar ao Menu",
  "Time Played: ": "Tempo Jogado: ",
  "Current Score: ": "Pontuação atual: ",
  "Exit": "Sair",
  "Player Stats": "Estatísticas",
  "Controls": "Controles",
  "Press the desired": "Pressione o botão desejado",
  "key sequence": "sequência de teclas",
  "minicraft.display.key_input.confirm_popup": "Tens a certeza de que queres redefinir todas as teclas para os padrões?",
  "minicraft.display.popup.enter_confirm": "enter para confirmar",
  "minicraft.display.popup.escape_cancel": "esc para cancelar",
  "Confirm Action": "Confirmar Ação",
  "Press C/Enter to change key binding": "Pressione C/Enter para mudar a vinculação de tecla",
  "Press A to add key binding": "Pressione A para adicionar vinculação nova",
  "Shift-D to reset all keys to default": "Shift-D para redefinir as teclas para o padrão",
  "ESCAPE to Return to menu": "ESC para Retornar ao menu ",
  "Loading": "A carregar",
  "Generating": "A gerar",
  "World": "Mundo",
  "waiting": "A esperar",
  "nothing": "nada",
  "attempting log in": "a tentar iniciar sessão",
  "no internet connection, but no login data saved; cannot enter offline mode.": "não há conexão à internet, mas não foi salvo os dados de login; não foi possível entrar no modo offline.",
  "connecting to server": "a conectar ao servidor",
  "logging in": "a iniciar sessão",
  "saving credentials": "a salvar credenciais",
  "login failed.": "login falhou.",
  "problem with saved login data; please exit and login again.": "problema ao salvar dados de login; por favor saia e inicie uma nova sessão.",
  "Internal server error: Couldn't fetch username from uuid": "Erro: Não foi possível obter o nome de usuário por uuid",
  "logged in as: ": "identificado como: ",
  "offline mode: local servers only": "modo offline: apenas servidores locais",
  "Enter ip address to connect to:": "Insira o endereço de conexão:",
  "Press Shift-Escape to logout": "Pressione Shift-Escape para encerrar sessão",
  "Enter email:": "Insira o e-mail:",
  "Enter password:": "Insira a senha:",
  "field is blank": "o campo está vazio",
  "get an account at:": "cria uma conta em:",
  "Loading ": "A carregar ",
  " from server": " do servidor",
  "Could not connect to server:": "Não foi possível conectar ao servidor:",
  "Press ": "Pressione ",
  " to return": " para retornar",
  "Change Key Bindings": "Mudar atalhos",
  "Options": "Opções",
  "Change language": "Mudar idioma",
  "Return to Game": "Voltar ao Jogo",
  "Make World Multiplayer": "Abrir para Multiplayer",
  "Save Game": "Salvar o Mundo",
  " and ": " e ",
  " to Scroll": " para rolar",
  ": Choose": ": Selecione",
  "Paused": "Pausado",
  "Main Menu": "Menu Principal",
  "Yes": "Sim",
  "No": "Não",
  "Inventory": "Inventário",
  "to search.": "para pesquisar item",
  "Play": "Jogar",
  "Load World": "Carregar Mundo",
  "New World": "Novo Mundo",
  "Multiplayer": "Multijogador",
  "Singleplayer": "Um jogador",
  "Help": "Ajuda",
  "Instructions": "Instruções",
  "Storyline Guide": "História",
  "About": "Sobre",
  "Credits": "Créditos",
  " to select": " para selecionar",
  " to accept": " para aceitar",
  "New World Name:": "Nome do Mundo:",
  "Are you sure you want to delete": "Queres mesmo remover",
  "This can not be undone!": "Não podes voltar a trás!",
  " to confirm": " para confirmar",
  " to cancel": " para cancelar",
  "World Seed": "Semente",
  "Enter World Name": "Insira o nome do mundo",
  "Trouble with world name?": "Problemas com o nome?",
  "by default, w and s move the cursor up and down. This can be changed in the key binding menu. To type the letter instead of moving the cursor, hold the shift key while typing the world name.": "por padrão, w e s movem o cursor para cima e para baixo. Isso pode ser mudado no menu de atalhos de tecla. Para digitar a letra ao invés de mover o cursor, segure shift enquanto digita o nome do mundo.",
  "Create World": "Criar Mundo",
  "World Gen Options": "Opções de Geração",
  " to Copy": " para Copiar",
  " to Rename": " para Renomear",
  " to Delete": " para Deletar",
  "Select World": "Selecionar mundo",
  "Select a World to Delete": "Seleciona um mundo para deletar",
  "Select a World to Rename": "Seleciona um mundo para renomear",
  "Select a World to Copy": "Seleciona um mundo para copiar",
  "Higher version, cannot load world!": "Versão superior, não podes carregar o mundo!",
  "World Version:": "Versão do mundo:",
  "Languages": "Idiomas",
  "Language": "Idioma",
  "Select": "Selecione",
  "Max FPS": "Limite de fps",
  "Difficulty": "Dificuldade",
  "Easy": "Fácil",
  "Normal": "Normal",
  "Hard": "Difícil",
  "Game Mode": "Modo de Jogo",
  "Survival": "Sobrevivência",
  "Creative": "Criativo",
  "Hardcore": "Extremo",
  "Score": "Pontuação",
  "Time (Score Mode)": "Tempo (Modo Pontuação)",
  "Sound": "Som",
  "Autosave": "Autosalvar",
  "World Size": "Tamanho",
  "World Theme": "Tema",
  "Forest": "Floresta",
  "Desert": "Deserto",
  "Plain": "Planíce",
  "Hell": "Inferno",
  "Terrain Type": "Tipo de Terreno",
  "Island": "Ilha",
  "Box": "Caixa",
  "Mountain": "Montanha",
  "Irregular": "Irregular",
  "Wear Suit": "Guarda-Roupa",
  "You have the latest version.": "Tens a última versão.",
  "minicraft.display.skin": "Skins",
  "minicraft.skin.paul": "Paul",
  "minicraft.skin.paul_cape": "Paul com capa",
  "minicraft.skin.minecraft_steve": "Rapaz conhecido",
  "minicraft.skin.minecraft_alex": "Rapariga conhecida",
  "minicraft.notification.invalid_placement": "Só pode ser colocado em",
  "minicraft.notification.dig_hole": "Cava um buraco primeiro!"
}
