{
  "minicraft.achievement.woodcutter": "Лесоруб",
  "minicraft.achievement.woodcutter.desc": "Добыть древесину.",
  "minicraft.achievement.benchmarking": "Бенчмаркинг",
  "minicraft.achievement.benchmarking.desc": "Смастерите верстак.",
  "minicraft.achievement.upgrade": "Обновка!",
  "minicraft.achievement.upgrade.desc": "Создайте любой каменный инструмент.",
  "minicraft.achievement.bow": "Кланяйтесь мне!",
  "minicraft.achievement.bow.desc": "Выпустить стрелу из лука.",
  "minicraft.achievement.fish": "Смотри! Клюнуло!",
  "minicraft.achievement.fish.desc": "Словите рыбу!",
  "minicraft.achievement.doors": "Дверная защита",
  "minicraft.achievement.doors.desc": "Сделайте деревянную дверь.",
  "minicraft.achievement.planks": "Ходите по доскам!",
  "minicraft.achievement.planks.desc": "Сделайте деревянные доски.",
  "minicraft.achievement.clothes": "Желаю красочного вам дня!",
  "minicraft.achievement.clothes.desc": "Создайте одежду любого цвета.",
  "minicraft.achievement.demolition": "Демонстрация разрушения",
  "minicraft.achievement.demolition.desc": "Используйте динамит.",
  "minicraft.achievement.survive_darkness": "Боишся темноты?",
  "minicraft.achievement.survive_darkness.desc": "Выживите 5 минут в полной темноте.",
  "minicraft.achievement.lava": "Горячие делишки",
  "minicraft.achievement.lava.desc": "Используйте зелье лавы, чтобы плавать в лаве.",
  "minicraft.achievement.find_gem": "Ооо, блестяшка!",
  "minicraft.achievement.find_gem.desc": "Найдите самоцветную руду и добывайте ее.",
  "minicraft.achievement.lowest_caves": "Тьма за светом",
  "minicraft.achievement.lowest_caves.desc": "Достигните самый нижнего уровня пещер.",
  "minicraft.achievement.obsidian_dungeon": "О рыцарях и людях",
  "minicraft.achievement.obsidian_dungeon.desc": "Достигните обсидианового подземелья.",
  "minicraft.achievement.airwizard": "Победить... воздух?",
  "minicraft.achievement.airwizard.desc": "Победите первого Небесного Колдуна!",
  "minicraft.achievement.second_airwizard": "Воздушный подвиг!",
  "minicraft.achievement.second_airwizard.desc": "Победите второго Небесного Колдуна!",
  "minicraft.achievement.skin": "Модный приговор",
  "minicraft.achievement.skin.desc": "Измените свой прикид.",
  "minicraft.display.achievement": "Достижения",
  "minicraft.display.achievement.achieved": "Достигнуто!",
  "minicraft.display.achievement.not_achieved": "Не достигнуто",
  "minicraft.display.achievement.score": "Количество достижений:",
  "minicraft.display.key_input.confirm_popup": "Вы уверены, что хотите сбросить все настройки управления по умолчанию?",
  "minicraft.display.popup.enter_confirm": "ENTER, чтобы подтвердить",
  "minicraft.display.popup.escape_cancel": "ESCAPE, чтобы отменить",
  "minicraft.display.skin": "Костюмы",
  "minicraft.skin.paul": "Paul",
  "minicraft.skin.paul_cape": "Paul с накидкой",
  "minicraft.skin.minecraft_steve": "Знакомый парень",
  "minicraft.skin.minecraft_alex": "Знакомая девушка",
  "minicraft.notification.invalid_placement": "Данный предмет можно поместить только на",
  "minicraft.notification.dig_hole": "Сначала выкопайте яму!",
  "minicraft.notification.achievement_unlocked": "Достижение получено:",
  "minicraft.notification.wrong_level_sky": "Может быть призван только в небесах",
  "Entities": "Сущности",
  "Air Wizard: Defeated!": "Воздушный Колдун: Побежден!",
  "The Dungeon is now open!": "Подземелье теперь открыто!",
  "A costume lies on the ground...": "Костюм лежит на земле...",
  "Can't sleep!": "Не могу спать!",
  "Min ": "Мин ",
  " Sec left!": " Остались секунды!",
  "You hear a noise from the surface!": "Вы слышите шум с поверхности!",
  "Death Chest": "Послесмертный сундук",
  "Player": "Игрок",
  "Crafting": "Крафтинг",
  "Set your home!": "Установите свой дом!",
  "Can't set home here!": "Здесь дом не может быть установлен!",
  "Home Sweet Home!": "Дом, милый дом!",
  "Mode penalty: -2 health": "Штраф за режим: -2 здоровья",
  "You don't have a home!": "У тебя нет дома!",
  "You can't go home from here!": "Отсюда нельзя вернуться домой!",
  "Leather Armor": "Кожаные доспехи",
  "Snake Armor": "Змеиная броня",
  "Iron Armor": "Железная броня",
  "Gold Armor": "Золотая броня",
  "Gem Armor": "Алмазная броня",
  "Book": "Книга",
  "Antidious": "Антидия (английский)",
  "Empty Bucket": "Пустое ведро",
  "Water Bucket": "Ведро с водой",
  "Lava Bucket": "Ведро с лавой",
  " Bucket": " Ведро",
  "Red Clothes": "Красная одежда",
  "Blue Clothes": "Синяя одежда",
  "Green Clothes": "Зеленая одежда",
  "Yellow Clothes": "Желтая одежда",
  "Black Clothes": "Черная одежда",
  "Orange Clothes": "Оранжевая одежда",
  "Purple Clothes": "Фиолетовая одежда",
  "Cyan Clothes": "Голубая одежда",
  "Reg Clothes": "Поношенная одежда",
  "Bread": "Хлеб",
  "Apple": "Яблоко",
  "Raw Pork": "Сырая свинина",
  "Raw Fish": "Сырая рыба",
  "Raw Beef": "Сырая говядина",
  "Pork Chop": "Свинная отбивная",
  "Cooked Fish": "Приготовленная рыба",
  "Cooked Pork": "Приготовленная свинина",
  "Steak": "Стейк",
  "Gold Apple": "Золотое яблоко",
  "Baked Potato": "Печёная картошка",
  "Cow Spawner": "Призыватель коров",
  "Pig Spawner": "Призыватель свиней",
  "Sheep Spawner": "Призыватель овец",
  "Slime Spawner": "Призыватель слизней",
  "Zombie Spawner": "Призыватель зомби",
  "Creeper Spawner": "Призыватель крипера",
  "Skeleton Spawner": "Призыватель скелетов",
  "Snake Spawner": "Призыватель змей",
  "Knight Spawner": "Призыватель рыцарей",
  "AirWizard Spawner": "Призыватель Небесного Колдуна",
  "Workbench": "Верстак",
  "Oven": "Духовка",
  "Furnace": "Печь",
  "Anvil": "Наковальня",
  "Enchanter": "Алтарь зачарований",
  "Loom": "Ткацкий станок",
  "Lantern": "Фонарь",
  "Iron Lantern": "Железный фонарь",
  "Gold Lantern": "Золотой фонарь",
  "Tnt": "Динамит",
  "Bed": "Кровать",
  "Chest": "Сундук",
  "None Potion": "Зелье без эффекта",
  "Speed Potion": "Зелье скорости",
  "Light Potion": "Зелье света",
  "Swim Potion": "Зелье плаванья",
  "Energy Potion": "Зелье энергии",
  "Regen Potion": "Зелье регенерации",
  "Health Potion": "Зелье здоровья",
  "Time Potion": "Зелье времени",
  "Lava Potion": "Зелье плаванья в лаве",
  "Shield Potion": "Зелье щита",
  "Haste Potion": "Зелье спешки",
  "Escape Potion": "Зелье возврата",
  "Potion": "Зелье",
  "Power Glove": "Перчатка силы",
  "Wood": "Дерево",
  "Stone": "Камень",
  "Leather": "Кожа",
  "Wheat": "Пшеница",
  "Key": "Ключ",
  "arrow": "стрелка",
  "string": "строка",
  "Coal": "Уголь",
  "Iron Ore": "Железная руда",
  "Lapis": "Лазурит",
  "Gold Ore": "Золотая руда",
  "Iron": "Железный слиток",
  "Gold": "Золотой слиток",
  "Rose": "Роза",
  "GunPowder": "Порох",
  "Slime": "Слизь",
  "glass": "Стекло",
  "cloth": "Ткань",
  "gem": "Алмаз",
  "Scale": "Змеиная чешуя",
  "Shard": "Осколок",
  "Flower": "Цветок",
  "Acorn": "Желудь",
  "Dirt": "Грязь",
  "Plank": "Доска",
  "Plank Wall": "Стена из досок",
  "Wood Door": "Деревянная дверь",
  "Stone Brick": "Каменный кирпич",
  "Ornate Stone": "Украшенный камень",
  "Stone Wall": "Каменная стена",
  "Stone Door": "Каменная дверь",
  "Obsidian Brick": "Обсидиановый кирпич",
  "Ornate Obsidian": "Украшенный обсидиан",
  "Obsidian Wall": "Обсидиановая стена",
  "Obsidian Door": "Обсидиановая дверь",
  "Wool": "Шерсть",
  "Red Wool": "Красная шерсть",
  "Blue Wool": "Синяя шерсть",
  "Green Wool": "Зеленая шерсть",
  "Yellow Wool": "Желтая шерсть",
  "Black Wool": "Черная шерсть",
  "Sand": "Песок",
  "Cactus": "Кактус",
  "Wheat Seeds": "Семена пшеницы",
  "Grass Seeds": "Семена травы",
  "Bone": "Кость",
  "Cloud": "Облако",
  "Rock": "Камень",
  "Gem": "Алмаз",
  "Potato": "Картофель",
  "Wood Fishing Rod": "Деревянная удочка",
  "Iron Fishing Rod": "Железная удочка",
  "Gold Fishing Rod": "Золотая удочка",
  "Gem Fishing Rod": "Алмазная удочка",
  "Shovel": "Лопата",
  "Hoe": "Мотыга",
  "Sword": "Меч",
  "Pickaxe": "Кирка",
  "Axe": "Топор",
  "Bow": "Лук",
  "Claymore": "Клеймор",
  "Shears": "Ножницы",
  "Torch": "Факел",
  "Gem Ore": "Алмазная руда",
  "Wood Planks": "Деревянные доски",
  "Stone Bricks": "Каменные кирпичи",
  "Obsidian": "Обсидиан",
  "Wood Wall": "Деревянная стена",
  "Grass": "Трава",
  "Natural Rock": "Природный камень",
  "Hole": "Дыра",
  "Stairs Up": "Лестница вверх",
  "Stairs Down": "Лестница вниз",
  "Water": "Вода",
  "Tree": "Дерево",
  "Tree Sapling": "Саженец дерева",
  "Cactus Sapling": "Саженец кактуса",
  "Lava": "Лава",
  "Lava Brick": "Лавовый кирпич",
  "Explode": "Взорвать",
  "Farmland": "Фермерские угодья",
  "Hard Rock": "Хард-рок",
  "Infinite Fall": "Бесконечное падение",
  "Cloud Cactus": "Облачный кактус",
  "Ore": "Руда",
  "host not found": "хост не найден",
  "unable to get localhost address": "не удается получить адрес localhost",
  "World Saved!": "Мир спасен!",
  "On": "Включено",
  "Off": "Не включено",
  "There is nothing of use here.": "Здесь нет ничего полезного.",
  "Still nothing... :P": "Все еще ничего... :P",
  "Have:": "Есть:",
  "Cost:": "Затраты:",
  "Time: ": "Время: ",
  "Score: ": "Счет: ",
  "Quit": "Выйти",
  "Respawn": "Возродится",
  "You died! Aww!": "Ты умер! Какая жалость!",
  "Player Score: ": "Счет игрока: ",
  "<Bonuses>": "<Бонусы>",
  "Final Score: ": "Итоговый счет: ",
  "Exit to Menu": "Выход в меню",
  "Time Played: ": "Время игры: ",
  "Current Score: ": "Текущий счет: ",
  "Exit": "Выход",
  "Player Stats": "Статистика игрока",
  "Controls": "Управление",
  "Press the desired": "Нажмите нужную",
  "key sequence": "последовательность клавиш",
  "Are you sure you want to reset all key bindings to the default keys?": "Вы уверены, что хотите сбросить управление полностью по умолчанию?",
  "enter to confirm": "ENTER, чтобы подтвердить",
  "escape to cancel": "ESCAPE, чтобы отменить",
  "Confirm Action": "Подтвердить действие",
  "Press C/Enter to change key binding": "Нажмите C/Enter, чтобы изменить привязку клавиш",
  "Press A to add key binding": "Нажмите A, чтобы добавить привязку клавиш",
  "Shift-D to reset all keys to default": "Нажмите Shift-D для сброса управления по умолчанию",
  "ESCAPE to Return to menu": "ESCAPE для возврата к меню ",
  "Loading": "Загрузка",
  "Generating": "Генерация",
  "World": "Мир",
  "waiting...": "жду...",
  "nothing": "ничего",
  "attempting log in": "попытка входа в систему",
  "no internet connection, but no login data saved; cannot enter offline mode.": "нет подключения к Интернету, но данные для входа не сохранены; невозможно войти в автономный режим.",
  "connecting to server": "подключение к серверу",
  "logging in": "вход в систему",
  "saving credentials": "сохранение реквизитов",
  "login failed.": "не удалось войти в систему",
  "problem with saved login data; please exit and login again.": "проблема с сохраненными данными входа; пожалуйста, выйдите и войдите снова.",
  "Internal server error: Couldn't fetch username from uuid": "Внутренняя ошибка сервера: Не удалось получить имя пользователя из uuid",
  "logged in as: ": "вошел в систему как: ",
  "offline mode: local servers only": "автономный режим: только локальные серверы",
  "Enter ip address to connect to:": "Введите ip-адрес для подключения:",
  "Press Shift-Escape to logout": "Нажмите Shift-Escape для выхода из системы",
  "Enter email:": "Введите e-mail:",
  "Enter password:": "Введите пароль:",
  "field is blank": "поле пустое",
  "get an account at:": "получите аккаунт на:",
  " from server": " с сервера",
  "Could not connect to server:": "Не удалось подключиться к серверу:",
  "Press ": "Нажмите ",
  " to return": " вернутся",
  "Change Key Bindings": "Изменение управления",
  "Options": "Опции",
  "Change language": "Изменить язык",
  "Return to Game": "Вернуться в игру",
  "Make World Multiplayer": "Сделать мир многопользовательским",
  "Save Game": "Сохранить игру",
  " and ": " и ",
  " to Scroll": " прокручивать",
  ": Choose": ": Выберите",
  "Paused": "Приостановлено",
  "Main Menu": "Главное меню",
  "No": "Нет",
  "Yes": "Да",
  "Inventory": "Инвентарь",
  "to search.": "для поиска.",
  "Play": "Играть",
  "Load World": "Загрузить мир",
  "New World": "Новый мир",
  "Multiplayer": "Мультиплеер",
  "Singleplayer": "Одиночная игра",
  "Help": "Помощь",
  "Instructions": "Инструкции",
  "Storyline Guide": "Руководство по сюжету",
  "About": "О сайте",
  "Credits": "Титры",
  " to select": " чтобы выбрать",
  " to accept": " чтобы принять",
  "New World Name:": "Имя нового мира:",
  "Are you sure you want to delete": "Вы уверены, что хотите удалить",
  "This can not be undone!": "Этого нельзя отменить!",
  " to confirm": " чтобы подтвердить",
  " to cancel": " чтобы отменить",
  "World Seed": "Сид мира",
  "Enter World Name": "Введите имя мира",
  "Trouble with world name?": "Проблема с названием мира?",
  "by default, w and s move the cursor up and down. This can be changed in the key binding menu. To type the letter instead of moving the cursor, hold the shift key while typing the world name.": "по умолчанию w и s перемещают курсор вверх и вниз. Это можно изменить в меню привязки клавиш. Чтобы набрать букву вместо перемещения курсора, удерживайте клавишу shift при наборе названия мира.",
  "Create World": "Создать мир",
  "World Gen Options": "Опции генерации мира",
  " to Copy": " чтобы копировать",
  " to Rename": " чтобы переименовать",
  " to Delete": " чтобы удалить",
  "Select World": "Выбрать мир",
  "Select a World to Delete": "Выберите мир для удаления",
  "Select a World to Rename": "Выберите мир для переименования",
  "Select a World to Copy": "Выберите мир для копирования",
  "Higher version, cannot load world!": "Более высокая версия, невозможно загрузить мир!",
  "World Version:": "Версия мира:",
  "Languages": "Языки",
  "Language": "Язык",
  "Select": "Выберите",
  "Max FPS": "Максимальный FPS",
  "Difficulty": "Сложность",
  "Easy": "Легко",
  "Normal": "Нормально",
  "Hard": "Сложно",
  "Game Mode": "Игровой режим",
  "Survival": "Выживание",
  "Creative": "Творческий",
  "Hardcore": "Хардкор",
  "Score": "На счет",
  "Time (Score Mode)": "Время (режим на счет)",
  "Sound": "Звук",
  "Autosave": "Автосохранение",
  "World Size": "Размер мира",
  "World Theme": "Тематика мира",
  "Forest": "Лес",
  "Desert": "Пустыня",
  "Plain": "Простой",
  "Hell": "Ад",
  "Terrain Type": "Тип местности",
  "Island": "Остров",
  "Box": "Коробка",
  "Mountain": "Горная",
  "Irregular": "Необычная",
  "Wear Suit": "Надеть костюм",
  "You have the latest version.": "У вас последняя версия."
}
