{
  "minicraft.achievement.woodcutter": "Oduncu",
  "minicraft.achievement.woodcutter.desc": "Ahşap alın.",
  "minicraft.achievement.benchmarking": "Çalışmak!",
  "minicraft.achievement.benchmarking.desc": "Bir tezgah yapın.",
  "minicraft.achievement.upgrade": "Güncelleme!",
  "minicraft.achievement.upgrade.desc": "Herhangi bir Taş aleti yapın.",
  "minicraft.achievement.bow": "Bana boyun eğ!",
  "minicraft.achievement.bow.desc": "Bir yay ile bir ok ateşleyin.",
  "minicraft.achievement.fish": "Git Balık!",
  "minicraft.achievement.fish.desc": "Bir Balığa Balık Tut!",
  "minicraft.achievement.doors": "Kapıda Koruma",
  "minicraft.achievement.doors.desc": "Ahşap bir kapı yapın.",
  "minicraft.achievement.planks": "Plank'larda Yürüyün!",
  "minicraft.achievement.planks.desc": "Ahşap plakalar yapın.",
  "minicraft.achievement.clothes": "Renkli bir gün geçirin!",
  "minicraft.achievement.clothes.desc": "Herhangi bir renk giysi yapın",
  "minicraft.achievement.demolition": "Yıkım Demosu",
  "minicraft.achievement.demolition.desc": "TNT'yi kullanın.",
  "minicraft.achievement.survive_darkness": "Karanlıktan korkmak?",
  "minicraft.achievement.survive_darkness.desc": "Toplam karanlıkta 5 dakika hayatta kalın.",
  "minicraft.achievement.lava": "Sıcak işler",
  "minicraft.achievement.lava.desc": "Lavda yüzmek için bir lav iksiri kullanın.",
  "minicraft.achievement.find_gem": "Oooh Parlak!",
  "minicraft.achievement.find_gem.desc": "Gem Cevherini bulun ve benimseyin.",
  "minicraft.achievement.lowest_caves": "Işığın ardındaki karanlık",
  "minicraft.achievement.lowest_caves.desc": "En alçak mağaralara ulaşın.",
  "minicraft.achievement.obsidian_dungeon": "Şövalyeler ve Erkekler",
  "minicraft.achievement.obsidian_dungeon.desc": "Obsidyen zindanına ulaşın.",
  "minicraft.achievement.airwizard": "Yenilgi... rüzgar mı?",
  "minicraft.achievement.airwizard.desc": "İlk Hava Sihirbazını yen!",
  "minicraft.achievement.skin": "Moda şovu",
  "minicraft.achievement.skin.desc": "Cildinizi değiştirin.",
  "minicraft.display.achievement": "Başarılar",
  "minicraft.display.achievement.achieved": "Başarıldı!",
  "minicraft.display.achievement.not_achieved": "Başarılamadı",
  "minicraft.display.achievement.score": "Başarı Puanı:",
  "minicraft.notification.achievement_unlocked": "Başarının kilidi açıldı:",
  "Entities": "Varlıklar",
  "Air Wizard: Defeated!": "Hava Büyücüsü: Yenildi!",
  "The Dungeon is now open!": "Zindan açıldı!",
  "A costume lies on the ground...": "Bir kostüm yerde duruyor...",
  "Can't sleep! ": "Uyuyamam! ",
  "Min ": "Dk",
  " Sec left!": " Sn kaldı!",
  "You hear a noise from the surface!": "Yeryüzünden Bir Ses Duydun!",
  "Death Chest": "Ölüm Sandığı",
  "Player": "Karakter",
  "Crafting": "Üretim",
  "Set your home!": "Eviniz ayarlandı!",
  "Can't set home here!": "Burası ev ayarlanamıyor!",
  "Home Sweet Home!": "Evim Evim Güzel Evim!",
  "Mode penalty: -2 health": "Mod cezası: -2 can",
  "You don't have a home!": "Eviniz yok!",
  "You can't go home from here!": "Buradan eve gidemezsiniz!",
  "Leather Armor": "Deri Zırh",
  "Snake Armor": "Yılan Zırh",
  "Iron Armor": "Demir Zırh",
  "Gold Armor": "Altın Zırh",
  "Gem Armor": "Kristal Zırh",
  "Book": "Kitap",
  "Antidious": "Atidos",
  "Empty Bucket": "Boş Kova",
  "Water Bucket": "Su Kovası",
  "Lava Bucket": "Lav Kovası",
  " Bucket": " Kova",
  "Red Clothes": "Kırmızı Kıyafet",
  "Blue Clothes": "Mavi Kıyafet",
  "Green Clothes": "Yeşil Kıyafet",
  "Yellow Clothes": "Sarı Kıyafet",
  "Black Clothes": "Siyah Kıyafet",
  "Orange Clothes": "Turuncu Kıyafet",
  "Purple Clothes": "Mor Kıyafet",
  "Cyan Clothes": "Turkuaz Kıyafet",
  "Reg Clothes": "Kıyafet",
  "Bread": "Ekmek",
  "Apple": "Elma",
  "Raw Pork": "Çiğ Domuz Eti",
  "Raw Fish": "Çiğ Balık",
  "Raw Beef": "Çiğ İnek Eti",
  "Pork Chop": "Domuz Pirzola",
  "Cooked Fish": "Pişmiş Balık",
  "Cooked Pork": "Pişmiş Domuz Eti",
  "Steak": "Pişmiş İnek Eti",
  "Gold Apple": "Altın Elma",
  "Baked Potato": "Fırınlanmış patates",
  "Cow Spawner": "İnek Doğurucu",
  "Pig Spawner": "Domuz Doğurucu",
  "Sheep Spawner": "Koyun Doğurucu",
  "Slime Spawner": "Balçık Doğurucu",
  "Zombie Spawner": "Hortlak Doğurucu",
  "Creeper Spawner": "Kripır Doğurucu",
  "Skeleton Spawner": "İskelet Doğurucu",
  "Snake Spawner": "Yılan Doğurucu",
  "Knight Spawner": "Şovalye Doğurucu",
  "AirWizard Spawner": "HavaBüyücüsü Doğurucu",
  "Workbench": "Çalışma Masası",
  "Oven": "Ocak",
  "Furnace": "Fırın",
  "Anvil": "Örs",
  "Enchanter": "Büyü Masası",
  "Loom": "Dokuma Tahtası",
  "Lantern": "Lamba",
  "Iron Lantern": "Demir Lamba",
  "Gold Lantern": "Altın Lamba",
  "Tnt": "Patlayıcı",
  "Bed": "Yatak",
  "Chest": "Sandık",
  "None Potion": "Boş İksir",
  "Speed Potion": "Hız İksiri",
  "Light Potion": "Işık İksiri",
  "Swim Potion": "Yüzme İksiri",
  "Energy Potion": "Enerji İksiri",
  "Regen Potion": "Yenilenme İksiri",
  "Health Potion": "Can İksiri",
  "Time Potion": "Zaman İksiri",
  "Lava Potion": "Lav İksiri",
  "Shield Potion": "Kalkan İksiri",
  "Haste Potion": "Acele İksiri",
  "Escape Potion": "Kaçış İksiri",
  "Potion": "Zehir",
  "Power Glove": "Güç Eldiveni",
  "Wood": "Odun",
  "Stone": "Taş",
  "Leather": "Deri",
  "Wheat": "Buğday",
  "Key": "Anahtar",
  "arrow": "Ok",
  "string": "İp",
  "Coal": "Kömür",
  "Iron Ore": "Çiğ Demir",
  "Lapis": "Lapis",
  "Gold Ore": "Çiğ Altın",
  "Iron": "Demir",
  "Gold": "Altın",
  "Rose": "Gül",
  "GunPowder": "Barut",
  "Slime": "Balçık",
  "glass": "Cam",
  "cloth": "Kumaş",
  "gem": "Kristal",
  "Scale": "Pul",
  "Shard": "Kırık Parça",
  "Flower": "Çiçek",
  "Acorn": "Palamut",
  "Dirt": "Toprak",
  "Natural Rock": "Doğal Kaya",
  "Plank": "Tahta",
  "Plank Wall": "Tahta Duvar",
  "Wood Door": "Tahta Kapı",
  "Stone Brick": "Taş Tuğla",
  "Ornate Stone": "süslü taş",
  "Stone Wall": "Taş Duvar",
  "Stone Door": "Taş Kapı",
  "Obsidian Brick": "Obsidyen Tuğla",
  "Ornate Obsidian": "süslü obsidyen",
  "Obsidian Wall": "Obsidyen Duvar",
  "Obsidian Door": "Obsidyen Kapı",
  "Wool": "Yün",
  "Red Wool": "Kırmızı Yün",
  "Blue Wool": "Mavi Yün",
  "Green Wool": "Yeşil Yün",
  "Yellow Wool": "Sarı Yün",
  "Black Wool": "Siyah Yün",
  "Sand": "Kum",
  "Cactus": "Kaktüs",
  "Seeds": "Tohum",
  "Wheat Seeds": "Buğday tohumları",
  "Grass Seeds": "Çimen Tohumu",
  "Bone": "Kemik",
  "Cloud": "Bulut",
  "Rock": "Taş",
  "Gem": "Kristal",
  "Potato": "Patates",
  "Wood Fishing Rod": "Ahşap Olta",
  "Iron Fishing Rod": "Demir Olta",
  "Gold Fishing Rod": "Altın Olta",
  "Gem Fishing Rod": "Mücevher Olta",
  "Shovel": "Kürek",
  "Hoe": "Çapa",
  "Sword": "Kılıç",
  "Pickaxe": "Kazma",
  "Axe": "Balta",
  "Bow": "Yay",
  "FishingRod": "Olta",
  "Claymore": "Güçlü Kılıç",
  "Torch": "Meşale",
  "Gem Ore": "Çiğ Kristal",
  "Wood Planks": "Kalas",
  "Stone Bricks": "Taş Tuğla",
  "Obsidian": "Obsidyen",
  "Wood Wall": "Tahta Duvar",
  "Grass": "Çimen",
  "Hole": "Delik",
  "Stairs Up": "Yukarı Merdiven",
  "Stairs Down": "Aşağıya Merdiven",
  "Water": "Su",
  "Tree": "Ağaç",
  "Tree Sapling": "Fidan",
  "Cactus Sapling": "Kaktüs Fidanı",
  "Lava": "Lav",
  "Lava Brick": "Lav Tuğla",
  "Explode": "Patlama",
  "Farmland": "Çapalanmış Toprak",
  "Hard Rock": "Sert Taş",
  "Infinite Fall": "Sonsuz Uçurum",
  "Cloud Cactus": "Bulut Kaktüsü",
  "Ore": "Maden",
  "host not found": "Ağ Bulunamadı",
  "unable to get localhost address": "Lokal Ağa Bağlanılamıyor",
  "World Saved!": "Dünya Kurtarıldı!",
  "On": "Aç",
  "Off": "Kapa",
  "There is nothing of use here.": "Burda Kullanılcak Birşey Yok.",
  "Still nothing... :P": "Hala Bişey Yok... :P",
  "Have:": "Elde Bulunan:",
  "Cost:": "Gereken Malzemeler:",
  "Time: ": "Süre: ",
  "Score: ": "Puan: ",
  "Quit": "Çıkış",
  "Respawn": "Yeniden Doğ",
  "You died! Aww!": "Sen Öldün! Iyy!",
  "Player Score: ": "Karakter Puanı: ",
  "<Bonuses>": "<Bonuslar>",
  "Final Score: ": "Final Puan: ",
  "Exit to Menu": "Menüye Çık",
  "Time Played: ": "Şu Kadar Süre Oynandı: ",
  "Current Score: ": "Şuanki Puan: ",
  "Exit": "Çıkış",
  "Player Stats": "Karakter Özellikleri",
  "Controls": "Kontroller",
  "Press the desired": "İstenilene Tıkla",
  "key sequence": "Tuş Sırası",
  "minicraft.display.key_input.confirm_popup": "Bütün Kontrolleri Orjinale Döndürmek İstediğine Eminmisin?",
  "minicraft.display.popup.enter_confirm": "enter tuşuna basarak kabul edin",
  "minicraft.display.popup.escape_cancel": "escape tuşuna basarak iptal edin",
  "Confirm Action": "Eylemi Kabul Et",
  "Press C/Enter to change key binding": "C veya Enter tuşuna basarak kontrolleri değiştirin",
  "Press A to add key binding": "A'ya basarak tuş ataması ekle",
  "Shift-D to reset all keys to default": "Kontrolleri Resetlemek İçin Shift-D Bas",
  "ESCAPE to Return to menu": "Menüye Dönmek İçin Escape'ye Bas ",
  "Loading": "Yükleniyor",
  "Generating": "Oluşturuluyor",
  "World": "Dünya",
  "waiting...": "Bekleniyor...",
  "nothing": "Hiçbişey Yok",
  "attempting log in": "Girilmeye Çalışılıyor",
  "no internet connection, but no login data saved; cannot enter offline mode.": "İnternet Yok, Fakat Giriş Bilgisi Kaydedilmedi; Offline Moda Geçiliyor.",
  "connecting to server": "Servere Bağlanılıyor",
  "logging in": "Giriş Yapılıyor",
  "saving credentials": "Bilgiler Kaydediliyor",
  "login failed.": "Giriş Yapılamadı.",
  "problem with saved login data; please exit and login again.": "Giriş Bilgisinde Sorun Oldu; Lütfen Çıkıp Tekrar Girin.",
  "Internal server error: Couldn't fetch username from uuid": "Server Sorunu: Uuid'den Kullanıcı Adı Getirilemedi",
  "logged in as: ": "Şu Hesapla Girildi: ",
  "offline mode: local servers only": "Offline Mod: Sadece Lokal Serverler Kullanılabilir",
  "Enter ip address to connect to:": "İp Adresi Girin Ve Buraya Katılın:",
  "Press Shift-Escape to logout": "Shift-Escape Bas Ve Hesaptan Çık",
  "Enter email:": "Eposta Girin:",
  "Enter password:": "Şifre Girin:",
  "field is blank": "Alan Boş!",
  "get an account at:": "Şuradan Bir Hesap Alın:",
  "Loading ": "Yükleniyor ",
  " from server": " Serverden",
  "Could not connect to server:": "Bu Yüzden Servere Girilmedi:",
  "Press ": "Bas ",
  " to return": " İle Geri Dönün",
  "Change Key Bindings": "Kontrolleri Değiştir",
  "Options": "Ayarlar",
  "Change language": "Dil Değiştir",
  "Return to Game": "Oyuna Dön",
  "Make World Multiplayer": "Dünyayı Çokoyunculu Yapın",
  "Save Game": "Oyunu Kaydet",
  " and ": " Ve ",
  " to Scroll": " Kaydırmak İçin",
  ": Choose": ": Seç",
  "Paused": "Durduruldu",
  "Main Menu": "Ana Menü",
  "No": "Hayır",
  "Yes": "Evet",
  "Inventory": "Envanter",
  "to search.": "öğe aramak için.",
  "Play": "Oyna",
  "Load World": "Dünya Yükle",
  "New World": "Yeni Dünya",
  "Multiplayer": "Online Dünyaya Katıl",
  "Singleplayer": "Tek oyuncu",
  "Help": "Yardım",
  "Instructions": "Talimatlar",
  "Storyline Guide": "Hikaye Kılavuzu",
  "About": "Hakkında",
  "Credits": "Krediler",
  " to select": " ile seç",
  " to accept": " ile kabul et",
  "New World Name:": "Dünya İsmi:",
  "Are you sure you want to delete": "Silmek İçin Eminmisiniz?",
  "This can not be undone!": "Bu Tamamlanamıyor!",
  " to confirm": " İle Kabul Et",
  " to cancel": " İle İptal Et",
  "World Seed": "Dünya Oluşum Tohumu",
  "Enter World Name": "Dünya İsmi Girin",
  "Trouble with world name?": "Dünya İsmi İçin Emin misiniz?",
  "by default, w and s move the cursor up and down. This can be changed in the key binding menu. To type the letter instead of moving the cursor, hold the shift key while typing the world name.": "Orjinal Kontrollerle W ve S İle Fareyi Yukarı Ve Aşağı Hareket Ettirin. Bu Kontrol Değiştirme Menüsünden Değiştirilebilir.",
  "Create World": "Dünya Oluşturun",
  "World Gen Options": "Dünya Oluşum Ayarları",
  " to Copy": " kopyalamak",
  " to Rename": " yeniden adlandırmak",
  " to Delete": " silmek",
  "Select World": "Dünya Seç",
  "Select a World to Delete": "Silinecek Bir Dünya Seçin",
  "Select a World to Rename": "Yeniden Adlandırılacak Bir Dünya Seçin",
  "Select a World to Copy": "Kopyalanacak Bir Dünya Seçin",
  "Higher version, cannot load world!": "Daha yüksek sürüm, dünyayı yükleyemez!",
  "World Version:": "Dünya Versiyonu:",
  "Languages": "Diller",
  "Language": "Dil",
  "Select": "Seç",
  "Max FPS": "Maks FPS",
  "Difficulty": "Zorluk",
  "Easy": "Kolay",
  "Normal": "Normal",
  "Hard": "Zor",
  "Game Mode": "Oyun Modu",
  "Survival": "Hayatta Kalma",
  "Creative": "Yaratıcılık",
  "Hardcore": "Aşırı Zor",
  "Score": "Puan",
  "Time (Score Mode)": "Süre (Puan Modu)",
  "Sound": "Ses",
  "Autosave": "Oto-Kayıt",
  "World Size": "Dünya Boyutu",
  "World Theme": "Dünya Teması",
  "Forest": "Orman",
  "Desert": "Çöl",
  "Plain": "Çayır",
  "Hell": "Cehennem",
  "Terrain Type": "Arazi Tipi",
  "Island": "Ada",
  "Box": "Kutu",
  "Mountain": "Dağ",
  "Irregular": "Düzensiz",
  "Wear Suit": "Kıyafet Giy",
  "You have the latest version.": "En son sürüme sahipsiniz.",
  "minicraft.display.skin": "Ciltler",
  "minicraft.skin.paul": "Paul",
  "minicraft.skin.paul_cape": "Paul pelerinli",
  "minicraft.skin.minecraft_steve": "tanıdık çocuk",
  "minicraft.skin.minecraft_alex": "tanıdık kız",
  "minicraft.notification.invalid_placement": "Sadece üzerine yerleştirilebilir",
  "minicraft.notification.dig_hole": "Önce bir delik kazın!"
}
